log_file,pipeline,stage,total_time,z,mcz,mcz_min,mcz_max,mcz_pts,I,I_min,I_max,I_pts,td_min_ms,td_max_ms,td_pts,omega_min,omega_max,omega_pts,theta_min,theta_max,theta_pts,gamma_pts,dtype,orientation,save_dir,save_file,size,date,status,note
compute_mismatch_I_td_cubes_3132995_0.out,I_td,mismatch,0:5:28.81,1,15,,,,0.1,,,,20,70,51,0,6,61,0,15,151,51,,Taman_edgeon,mismatch_z1_mcz15_I0p1-0p9_td20-70_Taman_edgeon/mismatch_cubes,mismatch_cubes_z1_mcz15_I0p1_td20-70x51_omega0-6x61_theta0-15x151_gamma0-2pix51_Taman_edgeon.h5,2262321,2026-04-29,ok,
compute_mismatch_I_td_cubes_3132995_1.out,I_td,mismatch,0:5:28.64,1,15,,,,0.11,,,,20,70,51,0,6,61,0,15,151,51,,Taman_edgeon,mismatch_z1_mcz15_I0p1-0p9_td20-70_Taman_edgeon/mismatch_cubes,mismatch_cubes_z1_mcz15_I0p11_td20-70x51_omega0-6x61_theta0-15x151_gamma0-2pix51_Taman_edgeon.h5,2257028,2026-04-29,ok,
compute_mismatch_I_td_cubes_3132995_2.out,I_td,mismatch,0:5:28.51,1,15,,,,0.12,,,,20,70,51,0,6,61,0,15,151,51,,Taman_edgeon,mismatch_z1_mcz15_I0p1-0p9_td20-70_Taman_edgeon/mismatch_cubes,mismatch_cubes_z1_mcz15_I0p12_td20-70x51_omega0-6x61_theta0-15x151_gamma0-2pix51_Taman_edgeon.h5,2252438,2026-04-29,ok,
compute_mismatch_I_td_cubes_3132995_3.out,I_td,mismatch,0:5:30.55,1,15,,,,0.13,,,,20,70,51,0,6,61,0,15,151,51,,Taman_edgeon,mismatch_z1_mcz15_I0p1-0p9_td20-70_Taman_edgeon/mismatch_cubes,mismatch_cubes_z1_mcz15_I0p13_td20-70x51_omega0-6x61_theta0-15x151_gamma0-2pix51_Taman_edgeon.h5,2247822,2026-04-29,ok,
compute_mismatch_I_td_cubes_3132995_4.out,I_td,mismatch,0:5:26.96,1,15,,,,0.14,,,,20,70,51,0,6,61,0,15,151,51,,Taman_edgeon,mismatch_z1_mcz15_I0p1-0p9_td20-70_Taman_edgeon/mismatch_cubes,mismatch_cubes_z1_mcz15_I0p14_td20-70x51_omega0-6x61_theta0-15x151_gamma0-2pix51_Taman_edgeon.h5,2241098,2026-04-29,ok,
compute_mismatch_I_td_cubes_3132995_5.out,I_td,mismatch,0:5:29.24,1,15,,,,0.15,,,,20,70,51,0,6,61,0,15,151,51,,Taman_edgeon,mismatch_z1_mcz15_I0p1-0p9_td20-70_Taman_edgeon/mismatch_cubes,mismatch_cubes_z1_mcz15_I0p15_td20-70x51_omega0-6x61_theta0-15x151_gamma0-2pix51_Taman_edgeon.h5,2235196,2026-04-29,ok,
compute_mismatch_I_td_cubes_3132995_6.out,I_td,mismatch,0:5:29.51,1,15,,,,0.16,,,,20,70,51,0,6,61,0,15,151,51,,Taman_edgeon,mismatch_z1_mcz15_I0p1-0p9_td20-70_Taman_edgeon/mismatch_cubes,mismatch_cubes_z1_mcz15_I0p16_td20-70x51_omega0-6x61_theta0-15x151_gamma0-2pix51_Taman_edgeon.h5,2228792,2026-04-29,ok,
compute_mismatch_I_td_cubes_3132995_7.out,I_td,mismatch,0:5:45.1,1,15,,,,0.17,,,,20,70,51,0,6,61,0,15,151,51,,Taman_edgeon,mismatch_z1_mcz15_I0p1-0p9_td20-70_Taman_edgeon/mismatch_cubes,mismatch_cubes_z1_mcz15_I0p17_td20-70x51_omega0-6x61_theta0-15x151_gamma0-2pix51_Taman_edgeon.h5,2224294,2026-04-29,ok,
compute_mismatch_I_td_cubes_3132995_8.out,I_td,mismatch,0:5:38.29,1,15,,,,0.18,,,,20,70,51,0,6,61,0,15,151,51,,Taman_edgeon,mismatch_z1_mcz15_I0p1-0p9_td20-70_Taman_edgeon/mismatch_cubes,mismatch_cubes_z1_mcz15_I0p18_td20-70x51_omega0-6x61_theta0-15x151_gamma0-2pix51_Taman_edgeon.h5,2220005,2026-04-29,ok,
compute_mismatch_I_td_cubes_3132995_9.out,I_td,mismatch,0:5:38.43,1,15,,,,0.19,,,,20,70,51,0,6,61,0,15,151,51,,Taman_edgeon,mismatch_z1_mcz15_I0p1-0p9_td20-70_Taman_edgeon/mismatch_cubes,mismatch_cubes_z1_mcz15_I0p19_td20-70x51_omega0-6x61_theta0-15x151_gamma0-2pix51_Taman_edgeon.h5,2217330,2026-04-29,ok,
compute_mismatch_I_td_cubes_3132995_10.out,I_td,mismatch,0:5:38.08,1,15,,,,0.2,,,,20,70,51,0,6,61,0,15,151,51,,Taman_edgeon,mismatch_z1_mcz15_I0p1-0p9_td20-70_Taman_edgeon/mismatch_cubes,mismatch_cubes_z1_mcz15_I0p2_td20-70x51_omega0-6x61_theta0-15x151_gamma0-2pix51_Taman_edgeon.h5,2213879,2026-04-29,ok,
compute_mismatch_I_td_cubes_3132995_11.out,I_td,mismatch,0:5:38.14,1,15,,,,0.21,,,,20,70,51,0,6,61,0,15,151,51,,Taman_edgeon,mismatch_z1_mcz15_I0p1-0p9_td20-70_Taman_edgeon/mismatch_cubes,mismatch_cubes_z1_mcz15_I0p21_td20-70x51_omega0-6x61_theta0-15x151_gamma0-2pix51_Taman_edgeon.h5,2212222,2026-04-29,ok,
compute_mismatch_I_td_cubes_3132995_12.out,I_td,mismatch,0:5:40.19,1,15,,,,0.22,,,,20,70,51,0,6,61,0,15,151,51,,Taman_edgeon,mismatch_z1_mcz15_I0p1-0p9_td20-70_Taman_edgeon/mismatch_cubes,mismatch_cubes_z1_mcz15_I0p22_td20-70x51_omega0-6x61_theta0-15x151_gamma0-2pix51_Taman_edgeon.h5,2209553,2026-04-29,ok,
compute_mismatch_I_td_cubes_3132995_13.out,I_td,mismatch,0:5:40.27,1,15,,,,0.23,,,,20,70,51,0,6,61,0,15,151,51,,Taman_edgeon,mismatch_z1_mcz15_I0p1-0p9_td20-70_Taman_edgeon/mismatch_cubes,mismatch_cubes_z1_mcz15_I0p23_td20-70x51_omega0-6x61_theta0-15x151_gamma0-2pix51_Taman_edgeon.h5,2207688,2026-04-29,ok,
compute_mismatch_I_td_cubes_3132995_14.out,I_td,mismatch,0:5:42.37,1,15,,,,0.24,,,,20,70,51,0,6,61,0,15,151,51,,Taman_edgeon,mismatch_z1_mcz15_I0p1-0p9_td20-70_Taman_edgeon/mismatch_cubes,mismatch_cubes_z1_mcz15_I0p24_td20-70x51_omega0-6x61_theta0-15x151_gamma0-2pix51_Taman_edgeon.h5,2205293,2026-04-29,ok,
compute_mismatch_I_td_cubes_3132995_15.out,I_td,mismatch,0:5:28.25,1,15,,,,0.25,,,,20,70,51,0,6,61,0,15,151,51,,Taman_edgeon,mismatch_z1_mcz15_I0p1-0p9_td20-70_Taman_edgeon/mismatch_cubes,mismatch_cubes_z1_mcz15_I0p25_td20-70x51_omega0-6x61_theta0-15x151_gamma0-2pix51_Taman_edgeon.h5,2203095,2026-04-29,ok,
compute_mismatch_I_td_cubes_3132995_16.out,I_td,mismatch,0:5:28.52,1,15,,,,0.26,,,,20,70,51,0,6,61,0,15,151,51,,Taman_edgeon,mismatch_z1_mcz15_I0p1-0p9_td20-70_Taman_edgeon/mismatch_cubes,mismatch_cubes_z1_mcz15_I0p26_td20-70x51_omega0-6x61_theta0-15x151_gamma0-2pix51_Taman_edgeon.h5,2201453,2026-04-29,ok,
compute_mismatch_I_td_cubes_3132995_17.out,I_td,mismatch,0:5:28.4,1,15,,,,0.27,,,,20,70,51,0,6,61,0,15,151,51,,Taman_edgeon,mismatch_z1_mcz15_I0p1-0p9_td20-70_Taman_edgeon/mismatch_cubes,mismatch_cubes_z1_mcz15_I0p27_td20-70x51_omega0-6x61_theta0-15x151_gamma0-2pix51_Taman_edgeon.h5,2199305,2026-04-29,ok,
compute_mismatch_I_td_cubes_3132995_18.out,I_td,mismatch,0:5:35.41,1,15,,,,0.28,,,,20,70,51,0,6,61,0,15,151,51,,Taman_edgeon,mismatch_z1_mcz15_I0p1-0p9_td20-70_Taman_edgeon/mismatch_cubes,mismatch_cubes_z1_mcz15_I0p28_td20-70x51_omega0-6x61_theta0-15x151_gamma0-2pix51_Taman_edgeon.h5,2197318,2026-04-29,ok,
compute_mismatch_I_td_cubes_3132995_19.out,I_td,mismatch,0:5:28.84,1,15,,,,0.29,,,,20,70,51,0,6,61,0,15,151,51,,Taman_edgeon,mismatch_z1_mcz15_I0p1-0p9_td20-70_Taman_edgeon/mismatch_cubes,mismatch_cubes_z1_mcz15_I0p29_td20-70x51_omega0-6x61_theta0-15x151_gamma0-2pix51_Taman_edgeon.h5,2194848,2026-04-29,ok,
compute_mismatch_I_td_cubes_3132995_20.out,I_td,mismatch,0:5:28.1,1,15,,,,0.3,,,,20,70,51,0,6,61,0,15,151,51,,Taman_edgeon,mismatch_z1_mcz15_I0p1-0p9_td20-70_Taman_edgeon/mismatch_cubes,mismatch_cubes_z1_mcz15_I0p3_td20-70x51_omega0-6x61_theta0-15x151_gamma0-2pix51_Taman_edgeon.h5,2191467,2026-04-29,ok,
compute_mismatch_I_td_cubes_3132995_21.out,I_td,mismatch,0:5:41.52,1,15,,,,0.31,,,,20,70,51,0,6,61,0,15,151,51,,Taman_edgeon,mismatch_z1_mcz15_I0p1-0p9_td20-70_Taman_edgeon/mismatch_cubes,mismatch_cubes_z1_mcz15_I0p31_td20-70x51_omega0-6x61_theta0-15x151_gamma0-2pix51_Taman_edgeon.h5,2188049,2026-04-29,ok,
compute_mismatch_I_td_cubes_3132995_22.out,I_td,mismatch,0:5:26.09,1,15,,,,0.32,,,,20,70,51,0,6,61,0,15,151,51,,Taman_edgeon,mismatch_z1_mcz15_I0p1-0p9_td20-70_Taman_edgeon/mismatch_cubes,mismatch_cubes_z1_mcz15_I0p32_td20-70x51_omega0-6x61_theta0-15x151_gamma0-2pix51_Taman_edgeon.h5,2185586,2026-04-29,ok,
compute_mismatch_I_td_cubes_3132995_23.out,I_td,mismatch,0:5:48.5,1,15,,,,0.33,,,,20,70,51,0,6,61,0,15,151,51,,Taman_edgeon,mismatch_z1_mcz15_I0p1-0p9_td20-70_Taman_edgeon/mismatch_cubes,mismatch_cubes_z1_mcz15_I0p33_td20-70x51_omega0-6x61_theta0-15x151_gamma0-2pix51_Taman_edgeon.h5,2182635,2026-04-29,ok,
compute_mismatch_I_td_cubes_3132995_24.out,I_td,mismatch,0:5:32.46,1,15,,,,0.34,,,,20,70,51,0,6,61,0,15,151,51,,Taman_edgeon,mismatch_z1_mcz15_I0p1-0p9_td20-70_Taman_edgeon/mismatch_cubes,mismatch_cubes_z1_mcz15_I0p34_td20-70x51_omega0-6x61_theta0-15x151_gamma0-2pix51_Taman_edgeon.h5,2179007,2026-04-29,ok,
compute_mismatch_I_td_cubes_3132995_25.out,I_td,mismatch,0:5:32.19,1,15,,,,0.35,,,,20,70,51,0,6,61,0,15,151,51,,Taman_edgeon,mismatch_z1_mcz15_I0p1-0p9_td20-70_Taman_edgeon/mismatch_cubes,mismatch_cubes_z1_mcz15_I0p35_td20-70x51_omega0-6x61_theta0-15x151_gamma0-2pix51_Taman_edgeon.h5,2177597,2026-04-29,ok,
compute_mismatch_I_td_cubes_3132995_26.out,I_td,mismatch,0:5:30.36,1,15,,,,0.36,,,,20,70,51,0,6,61,0,15,151,51,,Taman_edgeon,mismatch_z1_mcz15_I0p1-0p9_td20-70_Taman_edgeon/mismatch_cubes,mismatch_cubes_z1_mcz15_I0p36_td20-70x51_omega0-6x61_theta0-15x151_gamma0-2pix51_Taman_edgeon.h5,2175108,2026-04-29,ok,
compute_mismatch_I_td_cubes_3132995_27.out,I_td,mismatch,0:5:37.74,1,15,,,,0.37,,,,20,70,51,0,6,61,0,15,151,51,,Taman_edgeon,mismatch_z1_mcz15_I0p1-0p9_td20-70_Taman_edgeon/mismatch_cubes,mismatch_cubes_z1_mcz15_I0p37_td20-70x51_omega0-6x61_theta0-15x151_gamma0-2pix51_Taman_edgeon.h5,2172690,2026-04-29,ok,
compute_mismatch_I_td_cubes_3132995_28.out,I_td,mismatch,0:5:40.69,1,15,,,,0.38,,,,20,70,51,0,6,61,0,15,151,51,,Taman_edgeon,mismatch_z1_mcz15_I0p1-0p9_td20-70_Taman_edgeon/mismatch_cubes,mismatch_cubes_z1_mcz15_I0p38_td20-70x51_omega0-6x61_theta0-15x151_gamma0-2pix51_Taman_edgeon.h5,2170705,2026-04-29,ok,
compute_mismatch_I_td_cubes_3132995_29.out,I_td,mismatch,0:5:25.88,1,15,,,,0.39,,,,20,70,51,0,6,61,0,15,151,51,,Taman_edgeon,mismatch_z1_mcz15_I0p1-0p9_td20-70_Taman_edgeon/mismatch_cubes,mismatch_cubes_z1_mcz15_I0p39_td20-70x51_omega0-6x61_theta0-15x151_gamma0-2pix51_Taman_edgeon.h5,2167838,2026-04-29,ok,
compute_mismatch_I_td_cubes_3132995_30.out,I_td,mismatch,0:5:25.4,1,15,,,,0.4,,,,20,70,51,0,6,61,0,15,151,51,,Taman_edgeon,mismatch_z1_mcz15_I0p1-0p9_td20-70_Taman_edgeon/mismatch_cubes,mismatch_cubes_z1_mcz15_I0p4_td20-70x51_omega0-6x61_theta0-15x151_gamma0-2pix51_Taman_edgeon.h5,2165965,2026-04-29,ok,
compute_mismatch_I_td_cubes_3132995_31.out,I_td,mismatch,0:5:32.53,1,15,,,,0.41,,,,20,70,51,0,6,61,0,15,151,51,,Taman_edgeon,mismatch_z1_mcz15_I0p1-0p9_td20-70_Taman_edgeon/mismatch_cubes,mismatch_cubes_z1_mcz15_I0p41_td20-70x51_omega0-6x61_theta0-15x151_gamma0-2pix51_Taman_edgeon.h5,2164678,2026-04-29,ok,
compute_mismatch_I_td_cubes_3132995_32.out,I_td,mismatch,0:5:43.59,1,15,,,,0.42,,,,20,70,51,0,6,61,0,15,151,51,,Taman_edgeon,mismatch_z1_mcz15_I0p1-0p9_td20-70_Taman_edgeon/mismatch_cubes,mismatch_cubes_z1_mcz15_I0p42_td20-70x51_omega0-6x61_theta0-15x151_gamma0-2pix51_Taman_edgeon.h5,2163071,2026-04-29,ok,
compute_mismatch_I_td_cubes_3132995_33.out,I_td,mismatch,0:5:30.04,1,15,,,,0.43,,,,20,70,51,0,6,61,0,15,151,51,,Taman_edgeon,mismatch_z1_mcz15_I0p1-0p9_td20-70_Taman_edgeon/mismatch_cubes,mismatch_cubes_z1_mcz15_I0p43_td20-70x51_omega0-6x61_theta0-15x151_gamma0-2pix51_Taman_edgeon.h5,2161422,2026-04-29,ok,
compute_mismatch_I_td_cubes_3132995_34.out,I_td,mismatch,0:6:3.42,1,15,,,,0.44,,,,20,70,51,0,6,61,0,15,151,51,,Taman_edgeon,mismatch_z1_mcz15_I0p1-0p9_td20-70_Taman_edgeon/mismatch_cubes,mismatch_cubes_z1_mcz15_I0p44_td20-70x51_omega0-6x61_theta0-15x151_gamma0-2pix51_Taman_edgeon.h5,2160054,2026-04-29,ok,
compute_mismatch_I_td_cubes_3132995_35.out,I_td,mismatch,0:5:56.19,1,15,,,,0.45,,,,20,70,51,0,6,61,0,15,151,51,,Taman_edgeon,mismatch_z1_mcz15_I0p1-0p9_td20-70_Taman_edgeon/mismatch_cubes,mismatch_cubes_z1_mcz15_I0p45_td20-70x51_omega0-6x61_theta0-15x151_gamma0-2pix51_Taman_edgeon.h5,2158527,2026-04-29,ok,
compute_mismatch_I_td_cubes_3132995_36.out,I_td,mismatch,0:5:52.14,1,15,,,,0.46,,,,20,70,51,0,6,61,0,15,151,51,,Taman_edgeon,mismatch_z1_mcz15_I0p1-0p9_td20-70_Taman_edgeon/mismatch_cubes,mismatch_cubes_z1_mcz15_I0p46_td20-70x51_omega0-6x61_theta0-15x151_gamma0-2pix51_Taman_edgeon.h5,2157893,2026-04-29,ok,
compute_mismatch_I_td_cubes_3132995_37.out,I_td,mismatch,0:5:44.33,1,15,,,,0.47,,,,20,70,51,0,6,61,0,15,151,51,,Taman_edgeon,mismatch_z1_mcz15_I0p1-0p9_td20-70_Taman_edgeon/mismatch_cubes,mismatch_cubes_z1_mcz15_I0p47_td20-70x51_omega0-6x61_theta0-15x151_gamma0-2pix51_Taman_edgeon.h5,2155892,2026-04-29,ok,
compute_mismatch_I_td_cubes_3132995_38.out,I_td,mismatch,0:5:54.21,1,15,,,,0.48,,,,20,70,51,0,6,61,0,15,151,51,,Taman_edgeon,mismatch_z1_mcz15_I0p1-0p9_td20-70_Taman_edgeon/mismatch_cubes,mismatch_cubes_z1_mcz15_I0p48_td20-70x51_omega0-6x61_theta0-15x151_gamma0-2pix51_Taman_edgeon.h5,2154918,2026-04-29,ok,
compute_mismatch_I_td_cubes_3132995_39.out,I_td,mismatch,0:5:49.05,1,15,,,,0.49,,,,20,70,51,0,6,61,0,15,151,51,,Taman_edgeon,mismatch_z1_mcz15_I0p1-0p9_td20-70_Taman_edgeon/mismatch_cubes,mismatch_cubes_z1_mcz15_I0p49_td20-70x51_omega0-6x61_theta0-15x151_gamma0-2pix51_Taman_edgeon.h5,2154059,2026-04-29,ok,
compute_mismatch_I_td_cubes_3132995_40.out,I_td,mismatch,0:5:33.58,1,15,,,,0.5,,,,20,70,51,0,6,61,0,15,151,51,,Taman_edgeon,mismatch_z1_mcz15_I0p1-0p9_td20-70_Taman_edgeon/mismatch_cubes,mismatch_cubes_z1_mcz15_I0p5_td20-70x51_omega0-6x61_theta0-15x151_gamma0-2pix51_Taman_edgeon.h5,2153296,2026-04-29,ok,
compute_mismatch_I_td_cubes_3132995_41.out,I_td,mismatch,0:5:44.45,1,15,,,,0.51,,,,20,70,51,0,6,61,0,15,151,51,,Taman_edgeon,mismatch_z1_mcz15_I0p1-0p9_td20-70_Taman_edgeon/mismatch_cubes,mismatch_cubes_z1_mcz15_I0p51_td20-70x51_omega0-6x61_theta0-15x151_gamma0-2pix51_Taman_edgeon.h5,2153338,2026-04-29,ok,
compute_mismatch_I_td_cubes_3132995_42.out,I_td,mismatch,0:5:34.89,1,15,,,,0.52,,,,20,70,51,0,6,61,0,15,151,51,,Taman_edgeon,mismatch_z1_mcz15_I0p1-0p9_td20-70_Taman_edgeon/mismatch_cubes,mismatch_cubes_z1_mcz15_I0p52_td20-70x51_omega0-6x61_theta0-15x151_gamma0-2pix51_Taman_edgeon.h5,2151804,2026-04-29,ok,
compute_mismatch_I_td_cubes_3132995_43.out,I_td,mismatch,0:5:45.93,1,15,,,,0.53,,,,20,70,51,0,6,61,0,15,151,51,,Taman_edgeon,mismatch_z1_mcz15_I0p1-0p9_td20-70_Taman_edgeon/mismatch_cubes,mismatch_cubes_z1_mcz15_I0p53_td20-70x51_omega0-6x61_theta0-15x151_gamma0-2pix51_Taman_edgeon.h5,2150990,2026-04-29,ok,
compute_mismatch_I_td_cubes_3132995_44.out,I_td,mismatch,0:5:28.65,1,15,,,,0.54,,,,20,70,51,0,6,61,0,15,151,51,,Taman_edgeon,mismatch_z1_mcz15_I0p1-0p9_td20-70_Taman_edgeon/mismatch_cubes,mismatch_cubes_z1_mcz15_I0p54_td20-70x51_omega0-6x61_theta0-15x151_gamma0-2pix51_Taman_edgeon.h5,2150949,2026-04-29,ok,
compute_mismatch_I_td_cubes_3132995_45.out,I_td,mismatch,0:5:47.7,1,15,,,,0.55,,,,20,70,51,0,6,61,0,15,151,51,,Taman_edgeon,mismatch_z1_mcz15_I0p1-0p9_td20-70_Taman_edgeon/mismatch_cubes,mismatch_cubes_z1_mcz15_I0p55_td20-70x51_omega0-6x61_theta0-15x151_gamma0-2pix51_Taman_edgeon.h5,2149410,2026-04-29,ok,
compute_mismatch_I_td_cubes_3132995_46.out,I_td,mismatch,0:5:33.18,1,15,,,,0.56,,,,20,70,51,0,6,61,0,15,151,51,,Taman_edgeon,mismatch_z1_mcz15_I0p1-0p9_td20-70_Taman_edgeon/mismatch_cubes,mismatch_cubes_z1_mcz15_I0p56_td20-70x51_omega0-6x61_theta0-15x151_gamma0-2pix51_Taman_edgeon.h5,2148932,2026-04-29,ok,
compute_mismatch_I_td_cubes_3132995_47.out,I_td,mismatch,0:5:48.05,1,15,,,,0.57,,,,20,70,51,0,6,61,0,15,151,51,,Taman_edgeon,mismatch_z1_mcz15_I0p1-0p9_td20-70_Taman_edgeon/mismatch_cubes,mismatch_cubes_z1_mcz15_I0p57_td20-70x51_omega0-6x61_theta0-15x151_gamma0-2pix51_Taman_edgeon.h5,2147708,2026-04-29,ok,
compute_mismatch_I_td_cubes_3132995_48.out,I_td,mismatch,0:5:40.08,1,15,,,,0.58,,,,20,70,51,0,6,61,0,15,151,51,,Taman_edgeon,mismatch_z1_mcz15_I0p1-0p9_td20-70_Taman_edgeon/mismatch_cubes,mismatch_cubes_z1_mcz15_I0p58_td20-70x51_omega0-6x61_theta0-15x151_gamma0-2pix51_Taman_edgeon.h5,2147513,2026-04-29,ok,
compute_mismatch_I_td_cubes_3132995_49.out,I_td,mismatch,0:5:35.4,1,15,,,,0.59,,,,20,70,51,0,6,61,0,15,151,51,,Taman_edgeon,mismatch_z1_mcz15_I0p1-0p9_td20-70_Taman_edgeon/mismatch_cubes,mismatch_cubes_z1_mcz15_I0p59_td20-70x51_omega0-6x61_theta0-15x151_gamma0-2pix51_Taman_edgeon.h5,2146969,2026-04-29,ok,
compute_mismatch_I_td_cubes_3132995_50.out,I_td,mismatch,0:6:9.98,1,15,,,,0.6,,,,20,70,51,0,6,61,0,15,151,51,,Taman_edgeon,mismatch_z1_mcz15_I0p1-0p9_td20-70_Taman_edgeon/mismatch_cubes,mismatch_cubes_z1_mcz15_I0p6_td20-70x51_omega0-6x61_theta0-15x151_gamma0-2pix51_Taman_edgeon.h5,2145819,2026-04-29,ok,
compute_mismatch_I_td_cubes_3132995_51.out,I_td,mismatch,0:6:2.08,1,15,,,,0.61,,,,20,70,51,0,6,61,0,15,151,51,,Taman_edgeon,mismatch_z1_mcz15_I0p1-0p9_td20-70_Taman_edgeon/mismatch_cubes,mismatch_cubes_z1_mcz15_I0p61_td20-70x51_omega0-6x61_theta0-15x151_gamma0-2pix51_Taman_edgeon.h5,2145767,2026-04-29,ok,
compute_mismatch_I_td_cubes_3132995_52.out,I_td,mismatch,0:6:2.18,1,15,,,,0.62,,,,20,70,51,0,6,61,0,15,151,51,,Taman_edgeon,mismatch_z1_mcz15_I0p1-0p9_td20-70_Taman_edgeon/mismatch_cubes,mismatch_cubes_z1_mcz15_I0p62_td20-70x51_omega0-6x61_theta0-15x151_gamma0-2pix51_Taman_edgeon.h5,2143766,2026-04-29,ok,
compute_mismatch_I_td_cubes_3132995_53.out,I_td,mismatch,0:5:46.01,1,15,,,,0.63,,,,20,70,51,0,6,61,0,15,151,51,,Taman_edgeon,mismatch_z1_mcz15_I0p1-0p9_td20-70_Taman_edgeon/mismatch_cubes,mismatch_cubes_z1_mcz15_I0p63_td20-70x51_omega0-6x61_theta0-15x151_gamma0-2pix51_Taman_edgeon.h5,2143374,2026-04-29,ok,
compute_mismatch_I_td_cubes_3132995_54.out,I_td,mismatch,0:5:33.27,1,15,,,,0.64,,,,20,70,51,0,6,61,0,15,151,51,,Taman_edgeon,mismatch_z1_mcz15_I0p1-0p9_td20-70_Taman_edgeon/mismatch_cubes,mismatch_cubes_z1_mcz15_I0p64_td20-70x51_omega0-6x61_theta0-15x151_gamma0-2pix51_Taman_edgeon.h5,2142109,2026-04-29,ok,
compute_mismatch_I_td_cubes_3132995_55.out,I_td,mismatch,0:5:37.87,1,15,,,,0.65,,,,20,70,51,0,6,61,0,15,151,51,,Taman_edgeon,mismatch_z1_mcz15_I0p1-0p9_td20-70_Taman_edgeon/mismatch_cubes,mismatch_cubes_z1_mcz15_I0p65_td20-70x51_omega0-6x61_theta0-15x151_gamma0-2pix51_Taman_edgeon.h5,2141724,2026-04-29,ok,
compute_mismatch_I_td_cubes_3132995_56.out,I_td,mismatch,0:5:35.7,1,15,,,,0.66,,,,20,70,51,0,6,61,0,15,151,51,,Taman_edgeon,mismatch_z1_mcz15_I0p1-0p9_td20-70_Taman_edgeon/mismatch_cubes,mismatch_cubes_z1_mcz15_I0p66_td20-70x51_omega0-6x61_theta0-15x151_gamma0-2pix51_Taman_edgeon.h5,2141010,2026-04-29,ok,
compute_mismatch_I_td_cubes_3132995_57.out,I_td,mismatch,0:6:1.21,1,15,,,,0.67,,,,20,70,51,0,6,61,0,15,151,51,,Taman_edgeon,mismatch_z1_mcz15_I0p1-0p9_td20-70_Taman_edgeon/mismatch_cubes,mismatch_cubes_z1_mcz15_I0p67_td20-70x51_omega0-6x61_theta0-15x151_gamma0-2pix51_Taman_edgeon.h5,2140272,2026-04-29,ok,
compute_mismatch_I_td_cubes_3132995_58.out,I_td,mismatch,0:5:37.88,1,15,,,,0.68,,,,20,70,51,0,6,61,0,15,151,51,,Taman_edgeon,mismatch_z1_mcz15_I0p1-0p9_td20-70_Taman_edgeon/mismatch_cubes,mismatch_cubes_z1_mcz15_I0p68_td20-70x51_omega0-6x61_theta0-15x151_gamma0-2pix51_Taman_edgeon.h5,2138925,2026-04-29,ok,
compute_mismatch_I_td_cubes_3132995_59.out,I_td,mismatch,0:5:41.45,1,15,,,,0.69,,,,20,70,51,0,6,61,0,15,151,51,,Taman_edgeon,mismatch_z1_mcz15_I0p1-0p9_td20-70_Taman_edgeon/mismatch_cubes,mismatch_cubes_z1_mcz15_I0p69_td20-70x51_omega0-6x61_theta0-15x151_gamma0-2pix51_Taman_edgeon.h5,2137847,2026-04-29,ok,
compute_mismatch_I_td_cubes_3132995_60.out,I_td,mismatch,0:5:51.06,1,15,,,,0.7,,,,20,70,51,0,6,61,0,15,151,51,,Taman_edgeon,mismatch_z1_mcz15_I0p1-0p9_td20-70_Taman_edgeon/mismatch_cubes,mismatch_cubes_z1_mcz15_I0p7_td20-70x51_omega0-6x61_theta0-15x151_gamma0-2pix51_Taman_edgeon.h5,2137017,2026-04-29,ok,
compute_mismatch_I_td_cubes_3132995_61.out,I_td,mismatch,0:5:58.62,1,15,,,,0.71,,,,20,70,51,0,6,61,0,15,151,51,,Taman_edgeon,mismatch_z1_mcz15_I0p1-0p9_td20-70_Taman_edgeon/mismatch_cubes,mismatch_cubes_z1_mcz15_I0p71_td20-70x51_omega0-6x61_theta0-15x151_gamma0-2pix51_Taman_edgeon.h5,2136026,2026-04-29,ok,
compute_mismatch_I_td_cubes_3132995_62.out,I_td,mismatch,0:6:0.91,1,15,,,,0.72,,,,20,70,51,0,6,61,0,15,151,51,,Taman_edgeon,mismatch_z1_mcz15_I0p1-0p9_td20-70_Taman_edgeon/mismatch_cubes,mismatch_cubes_z1_mcz15_I0p72_td20-70x51_omega0-6x61_theta0-15x151_gamma0-2pix51_Taman_edgeon.h5,2134798,2026-04-29,ok,
compute_mismatch_I_td_cubes_3132995_63.out,I_td,mismatch,0:6:23.36,1,15,,,,0.73,,,,20,70,51,0,6,61,0,15,151,51,,Taman_edgeon,mismatch_z1_mcz15_I0p1-0p9_td20-70_Taman_edgeon/mismatch_cubes,mismatch_cubes_z1_mcz15_I0p73_td20-70x51_omega0-6x61_theta0-15x151_gamma0-2pix51_Taman_edgeon.h5,2134416,2026-04-29,ok,
compute_mismatch_I_td_cubes_3132995_64.out,I_td,mismatch,0:6:0.45,1,15,,,,0.74,,,,20,70,51,0,6,61,0,15,151,51,,Taman_edgeon,mismatch_z1_mcz15_I0p1-0p9_td20-70_Taman_edgeon/mismatch_cubes,mismatch_cubes_z1_mcz15_I0p74_td20-70x51_omega0-6x61_theta0-15x151_gamma0-2pix51_Taman_edgeon.h5,2133408,2026-04-29,ok,
compute_mismatch_I_td_cubes_3132995_65.out,I_td,mismatch,0:5:36.29,1,15,,,,0.75,,,,20,70,51,0,6,61,0,15,151,51,,Taman_edgeon,mismatch_z1_mcz15_I0p1-0p9_td20-70_Taman_edgeon/mismatch_cubes,mismatch_cubes_z1_mcz15_I0p75_td20-70x51_omega0-6x61_theta0-15x151_gamma0-2pix51_Taman_edgeon.h5,2133645,2026-04-29,ok,
compute_mismatch_I_td_cubes_3132995_66.out,I_td,mismatch,0:5:49.69,1,15,,,,0.76,,,,20,70,51,0,6,61,0,15,151,51,,Taman_edgeon,mismatch_z1_mcz15_I0p1-0p9_td20-70_Taman_edgeon/mismatch_cubes,mismatch_cubes_z1_mcz15_I0p76_td20-70x51_omega0-6x61_theta0-15x151_gamma0-2pix51_Taman_edgeon.h5,2131836,2026-04-29,ok,
compute_mismatch_I_td_cubes_3132995_67.out,I_td,mismatch,0:5:33.04,1,15,,,,0.77,,,,20,70,51,0,6,61,0,15,151,51,,Taman_edgeon,mismatch_z1_mcz15_I0p1-0p9_td20-70_Taman_edgeon/mismatch_cubes,mismatch_cubes_z1_mcz15_I0p77_td20-70x51_omega0-6x61_theta0-15x151_gamma0-2pix51_Taman_edgeon.h5,2131083,2026-04-29,ok,
compute_mismatch_I_td_cubes_3132995_68.out,I_td,mismatch,0:5:36.41,1,15,,,,0.78,,,,20,70,51,0,6,61,0,15,151,51,,Taman_edgeon,mismatch_z1_mcz15_I0p1-0p9_td20-70_Taman_edgeon/mismatch_cubes,mismatch_cubes_z1_mcz15_I0p78_td20-70x51_omega0-6x61_theta0-15x151_gamma0-2pix51_Taman_edgeon.h5,2130032,2026-04-29,ok,
compute_mismatch_I_td_cubes_3132995_69.out,I_td,mismatch,0:7:1.68,1,15,,,,0.79,,,,20,70,51,0,6,61,0,15,151,51,,Taman_edgeon,mismatch_z1_mcz15_I0p1-0p9_td20-70_Taman_edgeon/mismatch_cubes,mismatch_cubes_z1_mcz15_I0p79_td20-70x51_omega0-6x61_theta0-15x151_gamma0-2pix51_Taman_edgeon.h5,2129959,2026-04-29,ok,
compute_mismatch_I_td_cubes_3132995_70.out,I_td,mismatch,0:5:32.98,1,15,,,,0.8,,,,20,70,51,0,6,61,0,15,151,51,,Taman_edgeon,mismatch_z1_mcz15_I0p1-0p9_td20-70_Taman_edgeon/mismatch_cubes,mismatch_cubes_z1_mcz15_I0p8_td20-70x51_omega0-6x61_theta0-15x151_gamma0-2pix51_Taman_edgeon.h5,2129052,2026-04-29,ok,
compute_mismatch_I_td_cubes_3132995_71.out,I_td,mismatch,0:5:34.0,1,15,,,,0.81,,,,20,70,51,0,6,61,0,15,151,51,,Taman_edgeon,mismatch_z1_mcz15_I0p1-0p9_td20-70_Taman_edgeon/mismatch_cubes,mismatch_cubes_z1_mcz15_I0p81_td20-70x51_omega0-6x61_theta0-15x151_gamma0-2pix51_Taman_edgeon.h5,2128189,2026-04-29,ok,
compute_mismatch_I_td_cubes_3132995_72.out,I_td,mismatch,0:6:20.56,1,15,,,,0.82,,,,20,70,51,0,6,61,0,15,151,51,,Taman_edgeon,mismatch_z1_mcz15_I0p1-0p9_td20-70_Taman_edgeon/mismatch_cubes,mismatch_cubes_z1_mcz15_I0p82_td20-70x51_omega0-6x61_theta0-15x151_gamma0-2pix51_Taman_edgeon.h5,2127221,2026-04-29,ok,
compute_mismatch_I_td_cubes_3132995_73.out,I_td,mismatch,0:5:52.06,1,15,,,,0.83,,,,20,70,51,0,6,61,0,15,151,51,,Taman_edgeon,mismatch_z1_mcz15_I0p1-0p9_td20-70_Taman_edgeon/mismatch_cubes,mismatch_cubes_z1_mcz15_I0p83_td20-70x51_omega0-6x61_theta0-15x151_gamma0-2pix51_Taman_edgeon.h5,2125944,2026-04-29,ok,
compute_mismatch_I_td_cubes_3132995_74.out,I_td,mismatch,0:5:44.22,1,15,,,,0.84,,,,20,70,51,0,6,61,0,15,151,51,,Taman_edgeon,mismatch_z1_mcz15_I0p1-0p9_td20-70_Taman_edgeon/mismatch_cubes,mismatch_cubes_z1_mcz15_I0p84_td20-70x51_omega0-6x61_theta0-15x151_gamma0-2pix51_Taman_edgeon.h5,2126214,2026-04-29,ok,
compute_mismatch_I_td_cubes_3132995_75.out,I_td,mismatch,0:6:1.87,1,15,,,,0.85,,,,20,70,51,0,6,61,0,15,151,51,,Taman_edgeon,mismatch_z1_mcz15_I0p1-0p9_td20-70_Taman_edgeon/mismatch_cubes,mismatch_cubes_z1_mcz15_I0p85_td20-70x51_omega0-6x61_theta0-15x151_gamma0-2pix51_Taman_edgeon.h5,2125094,2026-04-29,ok,
compute_mismatch_I_td_cubes_3132995_76.out,I_td,mismatch,0:5:44.69,1,15,,,,0.86,,,,20,70,51,0,6,61,0,15,151,51,,Taman_edgeon,mismatch_z1_mcz15_I0p1-0p9_td20-70_Taman_edgeon/mismatch_cubes,mismatch_cubes_z1_mcz15_I0p86_td20-70x51_omega0-6x61_theta0-15x151_gamma0-2pix51_Taman_edgeon.h5,2125142,2026-04-29,ok,
compute_mismatch_I_td_cubes_3132995_77.out,I_td,mismatch,0:5:36.79,1,15,,,,0.87,,,,20,70,51,0,6,61,0,15,151,51,,Taman_edgeon,mismatch_z1_mcz15_I0p1-0p9_td20-70_Taman_edgeon/mismatch_cubes,mismatch_cubes_z1_mcz15_I0p87_td20-70x51_omega0-6x61_theta0-15x151_gamma0-2pix51_Taman_edgeon.h5,2124929,2026-04-29,ok,
compute_mismatch_I_td_cubes_3132995_78.out,I_td,mismatch,0:5:41.95,1,15,,,,0.88,,,,20,70,51,0,6,61,0,15,151,51,,Taman_edgeon,mismatch_z1_mcz15_I0p1-0p9_td20-70_Taman_edgeon/mismatch_cubes,mismatch_cubes_z1_mcz15_I0p88_td20-70x51_omega0-6x61_theta0-15x151_gamma0-2pix51_Taman_edgeon.h5,2124720,2026-04-29,ok,
compute_mismatch_I_td_cubes_3132995_79.out,I_td,mismatch,0:5:39.71,1,15,,,,0.89,,,,20,70,51,0,6,61,0,15,151,51,,Taman_edgeon,mismatch_z1_mcz15_I0p1-0p9_td20-70_Taman_edgeon/mismatch_cubes,mismatch_cubes_z1_mcz15_I0p89_td20-70x51_omega0-6x61_theta0-15x151_gamma0-2pix51_Taman_edgeon.h5,2124286,2026-04-29,ok,
compute_mismatch_I_td_cubes_3132995_80.out,I_td,mismatch,0:5:33.03,1,15,,,,0.9,,,,20,70,51,0,6,61,0,15,151,51,,Taman_edgeon,mismatch_z1_mcz15_I0p1-0p9_td20-70_Taman_edgeon/mismatch_cubes,mismatch_cubes_z1_mcz15_I0p9_td20-70x51_omega0-6x61_theta0-15x151_gamma0-2pix51_Taman_edgeon.h5,2124852,2026-04-29,ok,
compute_mismatch_I_td_cubes_3134759_0.out,I_td,mismatch,0:6:40.16,1,5,,,,0.1,,,,20,70,51,0,6,61,0,15,151,51,,Taman_edgeon,mismatch_z1_mcz5_I0p1-0p9_td20-70_Taman_edgeon/mismatch_cubes,mismatch_cubes_z1_mcz5_I0p1_td20-70x51_omega0-6x61_theta0-15x151_gamma0-2pix51_Taman_edgeon.h5,2351961,2026-04-29,ok,
compute_mismatch_I_td_cubes_3134759_1.out,I_td,mismatch,0:6:37.46,1,5,,,,0.11,,,,20,70,51,0,6,61,0,15,151,51,,Taman_edgeon,mismatch_z1_mcz5_I0p1-0p9_td20-70_Taman_edgeon/mismatch_cubes,mismatch_cubes_z1_mcz5_I0p11_td20-70x51_omega0-6x61_theta0-15x151_gamma0-2pix51_Taman_edgeon.h5,2348055,2026-04-29,ok,
compute_mismatch_I_td_cubes_3134759_2.out,I_td,mismatch,0:6:41.5,1,5,,,,0.12,,,,20,70,51,0,6,61,0,15,151,51,,Taman_edgeon,mismatch_z1_mcz5_I0p1-0p9_td20-70_Taman_edgeon/mismatch_cubes,mismatch_cubes_z1_mcz5_I0p12_td20-70x51_omega0-6x61_theta0-15x151_gamma0-2pix51_Taman_edgeon.h5,2345120,2026-04-29,ok,
compute_mismatch_I_td_cubes_3134759_3.out,I_td,mismatch,0:6:43.3,1,5,,,,0.13,,,,20,70,51,0,6,61,0,15,151,51,,Taman_edgeon,mismatch_z1_mcz5_I0p1-0p9_td20-70_Taman_edgeon/mismatch_cubes,mismatch_cubes_z1_mcz5_I0p13_td20-70x51_omega0-6x61_theta0-15x151_gamma0-2pix51_Taman_edgeon.h5,2340829,2026-04-29,ok,
compute_mismatch_I_td_cubes_3134759_4.out,I_td,mismatch,0:6:32.27,1,5,,,,0.14,,,,20,70,51,0,6,61,0,15,151,51,,Taman_edgeon,mismatch_z1_mcz5_I0p1-0p9_td20-70_Taman_edgeon/mismatch_cubes,mismatch_cubes_z1_mcz5_I0p14_td20-70x51_omega0-6x61_theta0-15x151_gamma0-2pix51_Taman_edgeon.h5,2327603,2026-04-29,ok,
compute_mismatch_I_td_cubes_3134759_5.out,I_td,mismatch,0:7:20.8,1,5,,,,0.15,,,,20,70,51,0,6,61,0,15,151,51,,Taman_edgeon,mismatch_z1_mcz5_I0p1-0p9_td20-70_Taman_edgeon/mismatch_cubes,mismatch_cubes_z1_mcz5_I0p15_td20-70x51_omega0-6x61_theta0-15x151_gamma0-2pix51_Taman_edgeon.h5,2321205,2026-04-29,ok,
compute_mismatch_I_td_cubes_3134759_6.out,I_td,mismatch,0:6:37.58,1,5,,,,0.16,,,,20,70,51,0,6,61,0,15,151,51,,Taman_edgeon,mismatch_z1_mcz5_I0p1-0p9_td20-70_Taman_edgeon/mismatch_cubes,mismatch_cubes_z1_mcz5_I0p16_td20-70x51_omega0-6x61_theta0-15x151_gamma0-2pix51_Taman_edgeon.h5,2320021,2026-04-29,ok,
compute_mismatch_I_td_cubes_3134759_7.out,I_td,mismatch,0:6:37.04,1,5,,,,0.17,,,,20,70,51,0,6,61,0,15,151,51,,Taman_edgeon,mismatch_z1_mcz5_I0p1-0p9_td20-70_Taman_edgeon/mismatch_cubes,mismatch_cubes_z1_mcz5_I0p17_td20-70x51_omega0-6x61_theta0-15x151_gamma0-2pix51_Taman_edgeon.h5,2317296,2026-04-29,ok,
compute_mismatch_I_td_cubes_3134759_8.out,I_td,mismatch,0:6:48.95,1,5,,,,0.18,,,,20,70,51,0,6,61,0,15,151,51,,Taman_edgeon,mismatch_z1_mcz5_I0p1-0p9_td20-70_Taman_edgeon/mismatch_cubes,mismatch_cubes_z1_mcz5_I0p18_td20-70x51_omega0-6x61_theta0-15x151_gamma0-2pix51_Taman_edgeon.h5,2314914,2026-04-29,ok,
compute_mismatch_I_td_cubes_3134759_9.out,I_td,mismatch,0:6:36.4,1,5,,,,0.19,,,,20,70,51,0,6,61,0,15,151,51,,Taman_edgeon,mismatch_z1_mcz5_I0p1-0p9_td20-70_Taman_edgeon/mismatch_cubes,mismatch_cubes_z1_mcz5_I0p19_td20-70x51_omega0-6x61_theta0-15x151_gamma0-2pix51_Taman_edgeon.h5,2312573,2026-04-29,ok,
compute_mismatch_I_td_cubes_3134759_10.out,I_td,mismatch,0:6:39.49,1,5,,,,0.2,,,,20,70,51,0,6,61,0,15,151,51,,Taman_edgeon,mismatch_z1_mcz5_I0p1-0p9_td20-70_Taman_edgeon/mismatch_cubes,mismatch_cubes_z1_mcz5_I0p2_td20-70x51_omega0-6x61_theta0-15x151_gamma0-2pix51_Taman_edgeon.h5,2310857,2026-04-29,ok,
compute_mismatch_I_td_cubes_3134759_11.out,I_td,mismatch,0:6:35.8,1,5,,,,0.21,,,,20,70,51,0,6,61,0,15,151,51,,Taman_edgeon,mismatch_z1_mcz5_I0p1-0p9_td20-70_Taman_edgeon/mismatch_cubes,mismatch_cubes_z1_mcz5_I0p21_td20-70x51_omega0-6x61_theta0-15x151_gamma0-2pix51_Taman_edgeon.h5,2309488,2026-04-29,ok,
compute_mismatch_I_td_cubes_3134759_12.out,I_td,mismatch,0:6:42.66,1,5,,,,0.22,,,,20,70,51,0,6,61,0,15,151,51,,Taman_edgeon,mismatch_z1_mcz5_I0p1-0p9_td20-70_Taman_edgeon/mismatch_cubes,mismatch_cubes_z1_mcz5_I0p22_td20-70x51_omega0-6x61_theta0-15x151_gamma0-2pix51_Taman_edgeon.h5,2307454,2026-04-29,ok,
compute_mismatch_I_td_cubes_3134759_13.out,I_td,mismatch,0:6:54.4,1,5,,,,0.23,,,,20,70,51,0,6,61,0,15,151,51,,Taman_edgeon,mismatch_z1_mcz5_I0p1-0p9_td20-70_Taman_edgeon/mismatch_cubes,mismatch_cubes_z1_mcz5_I0p23_td20-70x51_omega0-6x61_theta0-15x151_gamma0-2pix51_Taman_edgeon.h5,2305290,2026-04-29,ok,
compute_mismatch_I_td_cubes_3134759_14.out,I_td,mismatch,0:6:55.81,1,5,,,,0.24,,,,20,70,51,0,6,61,0,15,151,51,,Taman_edgeon,mismatch_z1_mcz5_I0p1-0p9_td20-70_Taman_edgeon/mismatch_cubes,mismatch_cubes_z1_mcz5_I0p24_td20-70x51_omega0-6x61_theta0-15x151_gamma0-2pix51_Taman_edgeon.h5,2303151,2026-04-29,ok,
compute_mismatch_I_td_cubes_3134759_15.out,I_td,mismatch,0:6:45.94,1,5,,,,0.25,,,,20,70,51,0,6,61,0,15,151,51,,Taman_edgeon,mismatch_z1_mcz5_I0p1-0p9_td20-70_Taman_edgeon/mismatch_cubes,mismatch_cubes_z1_mcz5_I0p25_td20-70x51_omega0-6x61_theta0-15x151_gamma0-2pix51_Taman_edgeon.h5,2301532,2026-04-29,ok,
compute_mismatch_I_td_cubes_3134759_16.out,I_td,mismatch,0:6:39.07,1,5,,,,0.26,,,,20,70,51,0,6,61,0,15,151,51,,Taman_edgeon,mismatch_z1_mcz5_I0p1-0p9_td20-70_Taman_edgeon/mismatch_cubes,mismatch_cubes_z1_mcz5_I0p26_td20-70x51_omega0-6x61_theta0-15x151_gamma0-2pix51_Taman_edgeon.h5,2299624,2026-04-29,ok,
compute_mismatch_I_td_cubes_3134759_17.out,I_td,mismatch,0:6:55.63,1,5,,,,0.27,,,,20,70,51,0,6,61,0,15,151,51,,Taman_edgeon,mismatch_z1_mcz5_I0p1-0p9_td20-70_Taman_edgeon/mismatch_cubes,mismatch_cubes_z1_mcz5_I0p27_td20-70x51_omega0-6x61_theta0-15x151_gamma0-2pix51_Taman_edgeon.h5,2297293,2026-04-29,ok,
compute_mismatch_I_td_cubes_3134759_18.out,I_td,mismatch,0:6:33.85,1,5,,,,0.28,,,,20,70,51,0,6,61,0,15,151,51,,Taman_edgeon,mismatch_z1_mcz5_I0p1-0p9_td20-70_Taman_edgeon/mismatch_cubes,mismatch_cubes_z1_mcz5_I0p28_td20-70x51_omega0-6x61_theta0-15x151_gamma0-2pix51_Taman_edgeon.h5,2295675,2026-04-29,ok,
compute_mismatch_I_td_cubes_3134759_19.out,I_td,mismatch,0:6:47.7,1,5,,,,0.29,,,,20,70,51,0,6,61,0,15,151,51,,Taman_edgeon,mismatch_z1_mcz5_I0p1-0p9_td20-70_Taman_edgeon/mismatch_cubes,mismatch_cubes_z1_mcz5_I0p29_td20-70x51_omega0-6x61_theta0-15x151_gamma0-2pix51_Taman_edgeon.h5,2292258,2026-04-29,ok,
compute_mismatch_I_td_cubes_3134759_20.out,I_td,mismatch,0:6:49.67,1,5,,,,0.3,,,,20,70,51,0,6,61,0,15,151,51,,Taman_edgeon,mismatch_z1_mcz5_I0p1-0p9_td20-70_Taman_edgeon/mismatch_cubes,mismatch_cubes_z1_mcz5_I0p3_td20-70x51_omega0-6x61_theta0-15x151_gamma0-2pix51_Taman_edgeon.h5,2287380,2026-04-29,ok,
compute_mismatch_I_td_cubes_3134759_21.out,I_td,mismatch,0:6:35.81,1,5,,,,0.31,,,,20,70,51,0,6,61,0,15,151,51,,Taman_edgeon,mismatch_z1_mcz5_I0p1-0p9_td20-70_Taman_edgeon/mismatch_cubes,mismatch_cubes_z1_mcz5_I0p31_td20-70x51_omega0-6x61_theta0-15x151_gamma0-2pix51_Taman_edgeon.h5,2276605,2026-04-29,ok,
compute_mismatch_I_td_cubes_3134759_22.out,I_td,mismatch,0:6:36.56,1,5,,,,0.32,,,,20,70,51,0,6,61,0,15,151,51,,Taman_edgeon,mismatch_z1_mcz5_I0p1-0p9_td20-70_Taman_edgeon/mismatch_cubes,mismatch_cubes_z1_mcz5_I0p32_td20-70x51_omega0-6x61_theta0-15x151_gamma0-2pix51_Taman_edgeon.h5,2264978,2026-04-29,ok,
compute_mismatch_I_td_cubes_3134759_23.out,I_td,mismatch,0:6:34.78,1,5,,,,0.33,,,,20,70,51,0,6,61,0,15,151,51,,Taman_edgeon,mismatch_z1_mcz5_I0p1-0p9_td20-70_Taman_edgeon/mismatch_cubes,mismatch_cubes_z1_mcz5_I0p33_td20-70x51_omega0-6x61_theta0-15x151_gamma0-2pix51_Taman_edgeon.h5,2260977,2026-04-29,ok,
compute_mismatch_I_td_cubes_3134759_24.out,I_td,mismatch,0:6:34.66,1,5,,,,0.34,,,,20,70,51,0,6,61,0,15,151,51,,Taman_edgeon,mismatch_z1_mcz5_I0p1-0p9_td20-70_Taman_edgeon/mismatch_cubes,mismatch_cubes_z1_mcz5_I0p34_td20-70x51_omega0-6x61_theta0-15x151_gamma0-2pix51_Taman_edgeon.h5,2258961,2026-04-29,ok,
compute_mismatch_I_td_cubes_3134759_25.out,I_td,mismatch,0:6:34.22,1,5,,,,0.35,,,,20,70,51,0,6,61,0,15,151,51,,Taman_edgeon,mismatch_z1_mcz5_I0p1-0p9_td20-70_Taman_edgeon/mismatch_cubes,mismatch_cubes_z1_mcz5_I0p35_td20-70x51_omega0-6x61_theta0-15x151_gamma0-2pix51_Taman_edgeon.h5,2256606,2026-04-29,ok,
compute_mismatch_I_td_cubes_3134759_26.out,I_td,mismatch,0:6:41.74,1,5,,,,0.36,,,,20,70,51,0,6,61,0,15,151,51,,Taman_edgeon,mismatch_z1_mcz5_I0p1-0p9_td20-70_Taman_edgeon/mismatch_cubes,mismatch_cubes_z1_mcz5_I0p36_td20-70x51_omega0-6x61_theta0-15x151_gamma0-2pix51_Taman_edgeon.h5,2254887,2026-04-29,ok,
compute_mismatch_I_td_cubes_3134759_27.out,I_td,mismatch,0:6:33.89,1,5,,,,0.37,,,,20,70,51,0,6,61,0,15,151,51,,Taman_edgeon,mismatch_z1_mcz5_I0p1-0p9_td20-70_Taman_edgeon/mismatch_cubes,mismatch_cubes_z1_mcz5_I0p37_td20-70x51_omega0-6x61_theta0-15x151_gamma0-2pix51_Taman_edgeon.h5,2254470,2026-04-29,ok,
compute_mismatch_I_td_cubes_3134759_28.out,I_td,mismatch,0:6:54.72,1,5,,,,0.38,,,,20,70,51,0,6,61,0,15,151,51,,Taman_edgeon,mismatch_z1_mcz5_I0p1-0p9_td20-70_Taman_edgeon/mismatch_cubes,mismatch_cubes_z1_mcz5_I0p38_td20-70x51_omega0-6x61_theta0-15x151_gamma0-2pix51_Taman_edgeon.h5,2253314,2026-04-29,ok,
compute_mismatch_I_td_cubes_3134759_29.out,I_td,mismatch,0:6:33.14,1,5,,,,0.39,,,,20,70,51,0,6,61,0,15,151,51,,Taman_edgeon,mismatch_z1_mcz5_I0p1-0p9_td20-70_Taman_edgeon/mismatch_cubes,mismatch_cubes_z1_mcz5_I0p39_td20-70x51_omega0-6x61_theta0-15x151_gamma0-2pix51_Taman_edgeon.h5,2251808,2026-04-29,ok,
compute_mismatch_I_td_cubes_3134759_30.out,I_td,mismatch,0:6:44.68,1,5,,,,0.4,,,,20,70,51,0,6,61,0,15,151,51,,Taman_edgeon,mismatch_z1_mcz5_I0p1-0p9_td20-70_Taman_edgeon/mismatch_cubes,mismatch_cubes_z1_mcz5_I0p4_td20-70x51_omega0-6x61_theta0-15x151_gamma0-2pix51_Taman_edgeon.h5,2250469,2026-04-29,ok,
compute_mismatch_I_td_cubes_3134759_31.out,I_td,mismatch,0:6:45.23,1,5,,,,0.41,,,,20,70,51,0,6,61,0,15,151,51,,Taman_edgeon,mismatch_z1_mcz5_I0p1-0p9_td20-70_Taman_edgeon/mismatch_cubes,mismatch_cubes_z1_mcz5_I0p41_td20-70x51_omega0-6x61_theta0-15x151_gamma0-2pix51_Taman_edgeon.h5,2250119,2026-04-29,ok,
compute_mismatch_I_td_cubes_3134759_32.out,I_td,mismatch,0:6:45.87,1,5,,,,0.42,,,,20,70,51,0,6,61,0,15,151,51,,Taman_edgeon,mismatch_z1_mcz5_I0p1-0p9_td20-70_Taman_edgeon/mismatch_cubes,mismatch_cubes_z1_mcz5_I0p42_td20-70x51_omega0-6x61_theta0-15x151_gamma0-2pix51_Taman_edgeon.h5,2249703,2026-04-29,ok,
compute_mismatch_I_td_cubes_3134759_33.out,I_td,mismatch,0:6:32.29,1,5,,,,0.43,,,,20,70,51,0,6,61,0,15,151,51,,Taman_edgeon,mismatch_z1_mcz5_I0p1-0p9_td20-70_Taman_edgeon/mismatch_cubes,mismatch_cubes_z1_mcz5_I0p43_td20-70x51_omega0-6x61_theta0-15x151_gamma0-2pix51_Taman_edgeon.h5,2248626,2026-04-29,ok,
compute_mismatch_I_td_cubes_3134759_34.out,I_td,mismatch,0:6:25.5,1,5,,,,0.44,,,,20,70,51,0,6,61,0,15,151,51,,Taman_edgeon,mismatch_z1_mcz5_I0p1-0p9_td20-70_Taman_edgeon/mismatch_cubes,mismatch_cubes_z1_mcz5_I0p44_td20-70x51_omega0-6x61_theta0-15x151_gamma0-2pix51_Taman_edgeon.h5,2247726,2026-04-29,ok,
compute_mismatch_I_td_cubes_3134759_35.out,I_td,mismatch,0:6:24.95,1,5,,,,0.45,,,,20,70,51,0,6,61,0,15,151,51,,Taman_edgeon,mismatch_z1_mcz5_I0p1-0p9_td20-70_Taman_edgeon/mismatch_cubes,mismatch_cubes_z1_mcz5_I0p45_td20-70x51_omega0-6x61_theta0-15x151_gamma0-2pix51_Taman_edgeon.h5,2247024,2026-04-29,ok,
compute_mismatch_I_td_cubes_3134759_36.out,I_td,mismatch,0:6:29.11,1,5,,,,0.46,,,,20,70,51,0,6,61,0,15,151,51,,Taman_edgeon,mismatch_z1_mcz5_I0p1-0p9_td20-70_Taman_edgeon/mismatch_cubes,mismatch_cubes_z1_mcz5_I0p46_td20-70x51_omega0-6x61_theta0-15x151_gamma0-2pix51_Taman_edgeon.h5,2246280,2026-04-29,ok,
compute_mismatch_I_td_cubes_3134759_37.out,I_td,mismatch,0:6:35.62,1,5,,,,0.47,,,,20,70,51,0,6,61,0,15,151,51,,Taman_edgeon,mismatch_z1_mcz5_I0p1-0p9_td20-70_Taman_edgeon/mismatch_cubes,mismatch_cubes_z1_mcz5_I0p47_td20-70x51_omega0-6x61_theta0-15x151_gamma0-2pix51_Taman_edgeon.h5,2245232,2026-04-29,ok,
compute_mismatch_I_td_cubes_3134759_38.out,I_td,mismatch,0:6:49.57,1,5,,,,0.48,,,,20,70,51,0,6,61,0,15,151,51,,Taman_edgeon,mismatch_z1_mcz5_I0p1-0p9_td20-70_Taman_edgeon/mismatch_cubes,mismatch_cubes_z1_mcz5_I0p48_td20-70x51_omega0-6x61_theta0-15x151_gamma0-2pix51_Taman_edgeon.h5,2244044,2026-04-29,ok,
compute_mismatch_I_td_cubes_3134759_39.out,I_td,mismatch,0:6:33.59,1,5,,,,0.49,,,,20,70,51,0,6,61,0,15,151,51,,Taman_edgeon,mismatch_z1_mcz5_I0p1-0p9_td20-70_Taman_edgeon/mismatch_cubes,mismatch_cubes_z1_mcz5_I0p49_td20-70x51_omega0-6x61_theta0-15x151_gamma0-2pix51_Taman_edgeon.h5,2243863,2026-04-29,ok,
compute_mismatch_I_td_cubes_3134759_40.out,I_td,mismatch,0:6:54.3,1,5,,,,0.5,,,,20,70,51,0,6,61,0,15,151,51,,Taman_edgeon,mismatch_z1_mcz5_I0p1-0p9_td20-70_Taman_edgeon/mismatch_cubes,mismatch_cubes_z1_mcz5_I0p5_td20-70x51_omega0-6x61_theta0-15x151_gamma0-2pix51_Taman_edgeon.h5,2243457,2026-04-29,ok,
compute_mismatch_I_td_cubes_3134759_41.out,I_td,mismatch,0:6:30.31,1,5,,,,0.51,,,,20,70,51,0,6,61,0,15,151,51,,Taman_edgeon,mismatch_z1_mcz5_I0p1-0p9_td20-70_Taman_edgeon/mismatch_cubes,mismatch_cubes_z1_mcz5_I0p51_td20-70x51_omega0-6x61_theta0-15x151_gamma0-2pix51_Taman_edgeon.h5,2242079,2026-04-29,ok,
compute_mismatch_I_td_cubes_3134759_42.out,I_td,mismatch,0:6:49.93,1,5,,,,0.52,,,,20,70,51,0,6,61,0,15,151,51,,Taman_edgeon,mismatch_z1_mcz5_I0p1-0p9_td20-70_Taman_edgeon/mismatch_cubes,mismatch_cubes_z1_mcz5_I0p52_td20-70x51_omega0-6x61_theta0-15x151_gamma0-2pix51_Taman_edgeon.h5,2241404,2026-04-29,ok,
compute_mismatch_I_td_cubes_3134759_43.out,I_td,mismatch,0:6:50.37,1,5,,,,0.53,,,,20,70,51,0,6,61,0,15,151,51,,Taman_edgeon,mismatch_z1_mcz5_I0p1-0p9_td20-70_Taman_edgeon/mismatch_cubes,mismatch_cubes_z1_mcz5_I0p53_td20-70x51_omega0-6x61_theta0-15x151_gamma0-2pix51_Taman_edgeon.h5,2240676,2026-04-29,ok,
compute_mismatch_I_td_cubes_3134759_44.out,I_td,mismatch,0:6:54.59,1,5,,,,0.54,,,,20,70,51,0,6,61,0,15,151,51,,Taman_edgeon,mismatch_z1_mcz5_I0p1-0p9_td20-70_Taman_edgeon/mismatch_cubes,mismatch_cubes_z1_mcz5_I0p54_td20-70x51_omega0-6x61_theta0-15x151_gamma0-2pix51_Taman_edgeon.h5,2240569,2026-04-29,ok,
compute_mismatch_I_td_cubes_3134759_45.out,I_td,mismatch,0:6:38.93,1,5,,,,0.55,,,,20,70,51,0,6,61,0,15,151,51,,Taman_edgeon,mismatch_z1_mcz5_I0p1-0p9_td20-70_Taman_edgeon/mismatch_cubes,mismatch_cubes_z1_mcz5_I0p55_td20-70x51_omega0-6x61_theta0-15x151_gamma0-2pix51_Taman_edgeon.h5,2240238,2026-04-29,ok,
compute_mismatch_I_td_cubes_3134759_46.out,I_td,mismatch,0:6:30.07,1,5,,,,0.56,,,,20,70,51,0,6,61,0,15,151,51,,Taman_edgeon,mismatch_z1_mcz5_I0p1-0p9_td20-70_Taman_edgeon/mismatch_cubes,mismatch_cubes_z1_mcz5_I0p56_td20-70x51_omega0-6x61_theta0-15x151_gamma0-2pix51_Taman_edgeon.h5,2239635,2026-04-29,ok,
compute_mismatch_I_td_cubes_3134759_47.out,I_td,mismatch,0:6:38.01,1,5,,,,0.57,,,,20,70,51,0,6,61,0,15,151,51,,Taman_edgeon,mismatch_z1_mcz5_I0p1-0p9_td20-70_Taman_edgeon/mismatch_cubes,mismatch_cubes_z1_mcz5_I0p57_td20-70x51_omega0-6x61_theta0-15x151_gamma0-2pix51_Taman_edgeon.h5,2239573,2026-04-29,ok,
compute_mismatch_I_td_cubes_3134759_48.out,I_td,mismatch,0:6:38.73,1,5,,,,0.58,,,,20,70,51,0,6,61,0,15,151,51,,Taman_edgeon,mismatch_z1_mcz5_I0p1-0p9_td20-70_Taman_edgeon/mismatch_cubes,mismatch_cubes_z1_mcz5_I0p58_td20-70x51_omega0-6x61_theta0-15x151_gamma0-2pix51_Taman_edgeon.h5,2238335,2026-04-29,ok,
compute_mismatch_I_td_cubes_3134759_49.out,I_td,mismatch,0:6:45.34,1,5,,,,0.59,,,,20,70,51,0,6,61,0,15,151,51,,Taman_edgeon,mismatch_z1_mcz5_I0p1-0p9_td20-70_Taman_edgeon/mismatch_cubes,mismatch_cubes_z1_mcz5_I0p59_td20-70x51_omega0-6x61_theta0-15x151_gamma0-2pix51_Taman_edgeon.h5,2237444,2026-04-29,ok,
compute_mismatch_I_td_cubes_3134759_50.out,I_td,mismatch,0:6:54.61,1,5,,,,0.6,,,,20,70,51,0,6,61,0,15,151,51,,Taman_edgeon,mismatch_z1_mcz5_I0p1-0p9_td20-70_Taman_edgeon/mismatch_cubes,mismatch_cubes_z1_mcz5_I0p6_td20-70x51_omega0-6x61_theta0-15x151_gamma0-2pix51_Taman_edgeon.h5,2238042,2026-04-29,ok,
compute_mismatch_I_td_cubes_3134759_51.out,I_td,mismatch,0:6:35.63,1,5,,,,0.61,,,,20,70,51,0,6,61,0,15,151,51,,Taman_edgeon,mismatch_z1_mcz5_I0p1-0p9_td20-70_Taman_edgeon/mismatch_cubes,mismatch_cubes_z1_mcz5_I0p61_td20-70x51_omega0-6x61_theta0-15x151_gamma0-2pix51_Taman_edgeon.h5,2237172,2026-04-29,ok,
compute_mismatch_I_td_cubes_3134759_52.out,I_td,mismatch,0:6:54.35,1,5,,,,0.62,,,,20,70,51,0,6,61,0,15,151,51,,Taman_edgeon,mismatch_z1_mcz5_I0p1-0p9_td20-70_Taman_edgeon/mismatch_cubes,mismatch_cubes_z1_mcz5_I0p62_td20-70x51_omega0-6x61_theta0-15x151_gamma0-2pix51_Taman_edgeon.h5,2236532,2026-04-29,ok,
compute_mismatch_I_td_cubes_3134759_53.out,I_td,mismatch,0:6:45.81,1,5,,,,0.63,,,,20,70,51,0,6,61,0,15,151,51,,Taman_edgeon,mismatch_z1_mcz5_I0p1-0p9_td20-70_Taman_edgeon/mismatch_cubes,mismatch_cubes_z1_mcz5_I0p63_td20-70x51_omega0-6x61_theta0-15x151_gamma0-2pix51_Taman_edgeon.h5,2236061,2026-04-29,ok,
compute_mismatch_I_td_cubes_3134759_54.out,I_td,mismatch,0:6:45.66,1,5,,,,0.64,,,,20,70,51,0,6,61,0,15,151,51,,Taman_edgeon,mismatch_z1_mcz5_I0p1-0p9_td20-70_Taman_edgeon/mismatch_cubes,mismatch_cubes_z1_mcz5_I0p64_td20-70x51_omega0-6x61_theta0-15x151_gamma0-2pix51_Taman_edgeon.h5,2236310,2026-04-29,ok,
compute_mismatch_I_td_cubes_3134759_55.out,I_td,mismatch,0:6:49.72,1,5,,,,0.65,,,,20,70,51,0,6,61,0,15,151,51,,Taman_edgeon,mismatch_z1_mcz5_I0p1-0p9_td20-70_Taman_edgeon/mismatch_cubes,mismatch_cubes_z1_mcz5_I0p65_td20-70x51_omega0-6x61_theta0-15x151_gamma0-2pix51_Taman_edgeon.h5,2235641,2026-04-29,ok,
compute_mismatch_I_td_cubes_3134759_56.out,I_td,mismatch,0:6:43.25,1,5,,,,0.66,,,,20,70,51,0,6,61,0,15,151,51,,Taman_edgeon,mismatch_z1_mcz5_I0p1-0p9_td20-70_Taman_edgeon/mismatch_cubes,mismatch_cubes_z1_mcz5_I0p66_td20-70x51_omega0-6x61_theta0-15x151_gamma0-2pix51_Taman_edgeon.h5,2234251,2026-04-29,ok,
compute_mismatch_I_td_cubes_3134759_57.out,I_td,mismatch,0:6:42.66,1,5,,,,0.67,,,,20,70,51,0,6,61,0,15,151,51,,Taman_edgeon,mismatch_z1_mcz5_I0p1-0p9_td20-70_Taman_edgeon/mismatch_cubes,mismatch_cubes_z1_mcz5_I0p67_td20-70x51_omega0-6x61_theta0-15x151_gamma0-2pix51_Taman_edgeon.h5,2234003,2026-04-29,ok,
compute_mismatch_I_td_cubes_3134759_58.out,I_td,mismatch,0:6:34.19,1,5,,,,0.68,,,,20,70,51,0,6,61,0,15,151,51,,Taman_edgeon,mismatch_z1_mcz5_I0p1-0p9_td20-70_Taman_edgeon/mismatch_cubes,mismatch_cubes_z1_mcz5_I0p68_td20-70x51_omega0-6x61_theta0-15x151_gamma0-2pix51_Taman_edgeon.h5,2233677,2026-04-29,ok,
compute_mismatch_I_td_cubes_3134759_59.out,I_td,mismatch,0:6:31.58,1,5,,,,0.69,,,,20,70,51,0,6,61,0,15,151,51,,Taman_edgeon,mismatch_z1_mcz5_I0p1-0p9_td20-70_Taman_edgeon/mismatch_cubes,mismatch_cubes_z1_mcz5_I0p69_td20-70x51_omega0-6x61_theta0-15x151_gamma0-2pix51_Taman_edgeon.h5,2233261,2026-04-29,ok,
compute_mismatch_I_td_cubes_3134759_60.out,I_td,mismatch,0:6:32.22,1,5,,,,0.7,,,,20,70,51,0,6,61,0,15,151,51,,Taman_edgeon,mismatch_z1_mcz5_I0p1-0p9_td20-70_Taman_edgeon/mismatch_cubes,mismatch_cubes_z1_mcz5_I0p7_td20-70x51_omega0-6x61_theta0-15x151_gamma0-2pix51_Taman_edgeon.h5,2232551,2026-04-29,ok,
compute_mismatch_I_td_cubes_3134759_61.out,I_td,mismatch,0:6:35.45,1,5,,,,0.71,,,,20,70,51,0,6,61,0,15,151,51,,Taman_edgeon,mismatch_z1_mcz5_I0p1-0p9_td20-70_Taman_edgeon/mismatch_cubes,mismatch_cubes_z1_mcz5_I0p71_td20-70x51_omega0-6x61_theta0-15x151_gamma0-2pix51_Taman_edgeon.h5,2231709,2026-04-29,ok,
compute_mismatch_I_td_cubes_3134759_62.out,I_td,mismatch,0:6:44.94,1,5,,,,0.72,,,,20,70,51,0,6,61,0,15,151,51,,Taman_edgeon,mismatch_z1_mcz5_I0p1-0p9_td20-70_Taman_edgeon/mismatch_cubes,mismatch_cubes_z1_mcz5_I0p72_td20-70x51_omega0-6x61_theta0-15x151_gamma0-2pix51_Taman_edgeon.h5,2231049,2026-04-29,ok,
compute_mismatch_I_td_cubes_3134759_63.out,I_td,mismatch,0:6:47.01,1,5,,,,0.73,,,,20,70,51,0,6,61,0,15,151,51,,Taman_edgeon,mismatch_z1_mcz5_I0p1-0p9_td20-70_Taman_edgeon/mismatch_cubes,mismatch_cubes_z1_mcz5_I0p73_td20-70x51_omega0-6x61_theta0-15x151_gamma0-2pix51_Taman_edgeon.h5,2230535,2026-04-29,ok,
compute_mismatch_I_td_cubes_3134759_64.out,I_td,mismatch,0:6:49.25,1,5,,,,0.74,,,,20,70,51,0,6,61,0,15,151,51,,Taman_edgeon,mismatch_z1_mcz5_I0p1-0p9_td20-70_Taman_edgeon/mismatch_cubes,mismatch_cubes_z1_mcz5_I0p74_td20-70x51_omega0-6x61_theta0-15x151_gamma0-2pix51_Taman_edgeon.h5,2229806,2026-04-29,ok,
compute_mismatch_I_td_cubes_3134759_65.out,I_td,mismatch,0:6:47.59,1,5,,,,0.75,,,,20,70,51,0,6,61,0,15,151,51,,Taman_edgeon,mismatch_z1_mcz5_I0p1-0p9_td20-70_Taman_edgeon/mismatch_cubes,mismatch_cubes_z1_mcz5_I0p75_td20-70x51_omega0-6x61_theta0-15x151_gamma0-2pix51_Taman_edgeon.h5,2228693,2026-04-29,ok,
compute_mismatch_I_td_cubes_3134759_66.out,I_td,mismatch,0:6:37.75,1,5,,,,0.76,,,,20,70,51,0,6,61,0,15,151,51,,Taman_edgeon,mismatch_z1_mcz5_I0p1-0p9_td20-70_Taman_edgeon/mismatch_cubes,mismatch_cubes_z1_mcz5_I0p76_td20-70x51_omega0-6x61_theta0-15x151_gamma0-2pix51_Taman_edgeon.h5,2227601,2026-04-29,ok,
compute_mismatch_I_td_cubes_3134759_67.out,I_td,mismatch,0:6:37.96,1,5,,,,0.77,,,,20,70,51,0,6,61,0,15,151,51,,Taman_edgeon,mismatch_z1_mcz5_I0p1-0p9_td20-70_Taman_edgeon/mismatch_cubes,mismatch_cubes_z1_mcz5_I0p77_td20-70x51_omega0-6x61_theta0-15x151_gamma0-2pix51_Taman_edgeon.h5,2225270,2026-04-29,ok,
compute_mismatch_I_td_cubes_3134759_68.out,I_td,mismatch,0:6:54.54,1,5,,,,0.78,,,,20,70,51,0,6,61,0,15,151,51,,Taman_edgeon,mismatch_z1_mcz5_I0p1-0p9_td20-70_Taman_edgeon/mismatch_cubes,mismatch_cubes_z1_mcz5_I0p78_td20-70x51_omega0-6x61_theta0-15x151_gamma0-2pix51_Taman_edgeon.h5,2223286,2026-04-29,ok,
compute_mismatch_I_td_cubes_3134759_69.out,I_td,mismatch,0:6:54.63,1,5,,,,0.79,,,,20,70,51,0,6,61,0,15,151,51,,Taman_edgeon,mismatch_z1_mcz5_I0p1-0p9_td20-70_Taman_edgeon/mismatch_cubes,mismatch_cubes_z1_mcz5_I0p79_td20-70x51_omega0-6x61_theta0-15x151_gamma0-2pix51_Taman_edgeon.h5,2219538,2026-04-29,ok,
compute_mismatch_I_td_cubes_3134759_70.out,I_td,mismatch,0:6:40.45,1,5,,,,0.8,,,,20,70,51,0,6,61,0,15,151,51,,Taman_edgeon,mismatch_z1_mcz5_I0p1-0p9_td20-70_Taman_edgeon/mismatch_cubes,mismatch_cubes_z1_mcz5_I0p8_td20-70x51_omega0-6x61_theta0-15x151_gamma0-2pix51_Taman_edgeon.h5,2216623,2026-04-29,ok,
compute_mismatch_I_td_cubes_3134759_71.out,I_td,mismatch,0:6:59.7,1,5,,,,0.81,,,,20,70,51,0,6,61,0,15,151,51,,Taman_edgeon,mismatch_z1_mcz5_I0p1-0p9_td20-70_Taman_edgeon/mismatch_cubes,mismatch_cubes_z1_mcz5_I0p81_td20-70x51_omega0-6x61_theta0-15x151_gamma0-2pix51_Taman_edgeon.h5,2214174,2026-04-29,ok,
compute_mismatch_I_td_cubes_3134759_72.out,I_td,mismatch,0:6:54.62,1,5,,,,0.82,,,,20,70,51,0,6,61,0,15,151,51,,Taman_edgeon,mismatch_z1_mcz5_I0p1-0p9_td20-70_Taman_edgeon/mismatch_cubes,mismatch_cubes_z1_mcz5_I0p82_td20-70x51_omega0-6x61_theta0-15x151_gamma0-2pix51_Taman_edgeon.h5,2212914,2026-04-29,ok,
compute_mismatch_I_td_cubes_3134759_73.out,I_td,mismatch,0:6:47.59,1,5,,,,0.83,,,,20,70,51,0,6,61,0,15,151,51,,Taman_edgeon,mismatch_z1_mcz5_I0p1-0p9_td20-70_Taman_edgeon/mismatch_cubes,mismatch_cubes_z1_mcz5_I0p83_td20-70x51_omega0-6x61_theta0-15x151_gamma0-2pix51_Taman_edgeon.h5,2212392,2026-04-29,ok,
compute_mismatch_I_td_cubes_3134759_74.out,I_td,mismatch,0:6:38.27,1,5,,,,0.84,,,,20,70,51,0,6,61,0,15,151,51,,Taman_edgeon,mismatch_z1_mcz5_I0p1-0p9_td20-70_Taman_edgeon/mismatch_cubes,mismatch_cubes_z1_mcz5_I0p84_td20-70x51_omega0-6x61_theta0-15x151_gamma0-2pix51_Taman_edgeon.h5,2212051,2026-04-29,ok,
compute_mismatch_I_td_cubes_3134759_75.out,I_td,mismatch,0:6:43.73,1,5,,,,0.85,,,,20,70,51,0,6,61,0,15,151,51,,Taman_edgeon,mismatch_z1_mcz5_I0p1-0p9_td20-70_Taman_edgeon/mismatch_cubes,mismatch_cubes_z1_mcz5_I0p85_td20-70x51_omega0-6x61_theta0-15x151_gamma0-2pix51_Taman_edgeon.h5,2212418,2026-04-29,ok,
compute_mismatch_I_td_cubes_3134759_76.out,I_td,mismatch,0:6:56.31,1,5,,,,0.86,,,,20,70,51,0,6,61,0,15,151,51,,Taman_edgeon,mismatch_z1_mcz5_I0p1-0p9_td20-70_Taman_edgeon/mismatch_cubes,mismatch_cubes_z1_mcz5_I0p86_td20-70x51_omega0-6x61_theta0-15x151_gamma0-2pix51_Taman_edgeon.h5,2213115,2026-04-29,ok,
compute_mismatch_I_td_cubes_3134759_77.out,I_td,mismatch,0:6:57.55,1,5,,,,0.87,,,,20,70,51,0,6,61,0,15,151,51,,Taman_edgeon,mismatch_z1_mcz5_I0p1-0p9_td20-70_Taman_edgeon/mismatch_cubes,mismatch_cubes_z1_mcz5_I0p87_td20-70x51_omega0-6x61_theta0-15x151_gamma0-2pix51_Taman_edgeon.h5,2213886,2026-04-29,ok,
compute_mismatch_I_td_cubes_3134759_78.out,I_td,mismatch,0:6:31.8,1,5,,,,0.88,,,,20,70,51,0,6,61,0,15,151,51,,Taman_edgeon,mismatch_z1_mcz5_I0p1-0p9_td20-70_Taman_edgeon/mismatch_cubes,mismatch_cubes_z1_mcz5_I0p88_td20-70x51_omega0-6x61_theta0-15x151_gamma0-2pix51_Taman_edgeon.h5,2215036,2026-04-29,ok,
compute_mismatch_I_td_cubes_3134759_79.out,I_td,mismatch,0:6:45.26,1,5,,,,0.89,,,,20,70,51,0,6,61,0,15,151,51,,Taman_edgeon,mismatch_z1_mcz5_I0p1-0p9_td20-70_Taman_edgeon/mismatch_cubes,mismatch_cubes_z1_mcz5_I0p89_td20-70x51_omega0-6x61_theta0-15x151_gamma0-2pix51_Taman_edgeon.h5,2217107,2026-04-29,ok,
compute_mismatch_I_td_cubes_3134759_80.out,I_td,mismatch,0:6:44.74,1,5,,,,0.9,,,,20,70,51,0,6,61,0,15,151,51,,Taman_edgeon,mismatch_z1_mcz5_I0p1-0p9_td20-70_Taman_edgeon/mismatch_cubes,mismatch_cubes_z1_mcz5_I0p9_td20-70x51_omega0-6x61_theta0-15x151_gamma0-2pix51_Taman_edgeon.h5,2219668,2026-04-29,ok,
compute_mismatch_I_td_cubes_3136073_0.out,I_td,mismatch,0:5:50.15,1,10,,,,0.1,,,,20,70,51,0,6,61,0,15,151,51,,Taman_edgeon,mismatch_z1_mcz10_I0p1-0p9_td20-70_Taman_edgeon/mismatch_cubes,mismatch_cubes_z1_mcz10_I0p1_td20-70x51_omega0-6x61_theta0-15x151_gamma0-2pix51_Taman_edgeon.h5,2262373,2026-04-30,ok,
compute_mismatch_I_td_cubes_3136073_1.out,I_td,mismatch,0:5:46.72,1,10,,,,0.11,,,,20,70,51,0,6,61,0,15,151,51,,Taman_edgeon,mismatch_z1_mcz10_I0p1-0p9_td20-70_Taman_edgeon/mismatch_cubes,mismatch_cubes_z1_mcz10_I0p11_td20-70x51_omega0-6x61_theta0-15x151_gamma0-2pix51_Taman_edgeon.h5,2259471,2026-04-30,ok,
compute_mismatch_I_td_cubes_3136073_2.out,I_td,mismatch,0:5:50.17,1,10,,,,0.12,,,,20,70,51,0,6,61,0,15,151,51,,Taman_edgeon,mismatch_z1_mcz10_I0p1-0p9_td20-70_Taman_edgeon/mismatch_cubes,mismatch_cubes_z1_mcz10_I0p12_td20-70x51_omega0-6x61_theta0-15x151_gamma0-2pix51_Taman_edgeon.h5,2256477,2026-04-30,ok,
compute_mismatch_I_td_cubes_3136073_3.out,I_td,mismatch,0:5:50.02,1,10,,,,0.13,,,,20,70,51,0,6,61,0,15,151,51,,Taman_edgeon,mismatch_z1_mcz10_I0p1-0p9_td20-70_Taman_edgeon/mismatch_cubes,mismatch_cubes_z1_mcz10_I0p13_td20-70x51_omega0-6x61_theta0-15x151_gamma0-2pix51_Taman_edgeon.h5,2254254,2026-04-30,ok,
compute_mismatch_I_td_cubes_3136073_4.out,I_td,mismatch,0:5:47.39,1,10,,,,0.14,,,,20,70,51,0,6,61,0,15,151,51,,Taman_edgeon,mismatch_z1_mcz10_I0p1-0p9_td20-70_Taman_edgeon/mismatch_cubes,mismatch_cubes_z1_mcz10_I0p14_td20-70x51_omega0-6x61_theta0-15x151_gamma0-2pix51_Taman_edgeon.h5,2245175,2026-04-30,ok,
compute_mismatch_I_td_cubes_3136073_5.out,I_td,mismatch,0:5:47.9,1,10,,,,0.15,,,,20,70,51,0,6,61,0,15,151,51,,Taman_edgeon,mismatch_z1_mcz10_I0p1-0p9_td20-70_Taman_edgeon/mismatch_cubes,mismatch_cubes_z1_mcz10_I0p15_td20-70x51_omega0-6x61_theta0-15x151_gamma0-2pix51_Taman_edgeon.h5,2237080,2026-04-30,ok,
compute_mismatch_I_td_cubes_3136073_6.out,I_td,mismatch,0:5:57.48,1,10,,,,0.16,,,,20,70,51,0,6,61,0,15,151,51,,Taman_edgeon,mismatch_z1_mcz10_I0p1-0p9_td20-70_Taman_edgeon/mismatch_cubes,mismatch_cubes_z1_mcz10_I0p16_td20-70x51_omega0-6x61_theta0-15x151_gamma0-2pix51_Taman_edgeon.h5,2232921,2026-04-30,ok,
compute_mismatch_I_td_cubes_3136073_7.out,I_td,mismatch,0:5:47.05,1,10,,,,0.17,,,,20,70,51,0,6,61,0,15,151,51,,Taman_edgeon,mismatch_z1_mcz10_I0p1-0p9_td20-70_Taman_edgeon/mismatch_cubes,mismatch_cubes_z1_mcz10_I0p17_td20-70x51_omega0-6x61_theta0-15x151_gamma0-2pix51_Taman_edgeon.h5,2229165,2026-04-30,ok,
compute_mismatch_I_td_cubes_3136073_8.out,I_td,mismatch,0:5:58.99,1,10,,,,0.18,,,,20,70,51,0,6,61,0,15,151,51,,Taman_edgeon,mismatch_z1_mcz10_I0p1-0p9_td20-70_Taman_edgeon/mismatch_cubes,mismatch_cubes_z1_mcz10_I0p18_td20-70x51_omega0-6x61_theta0-15x151_gamma0-2pix51_Taman_edgeon.h5,2227806,2026-04-30,ok,
compute_mismatch_I_td_cubes_3136073_9.out,I_td,mismatch,0:5:48.09,1,10,,,,0.19,,,,20,70,51,0,6,61,0,15,151,51,,Taman_edgeon,mismatch_z1_mcz10_I0p1-0p9_td20-70_Taman_edgeon/mismatch_cubes,mismatch_cubes_z1_mcz10_I0p19_td20-70x51_omega0-6x61_theta0-15x151_gamma0-2pix51_Taman_edgeon.h5,2225272,2026-04-30,ok,
compute_mismatch_I_td_cubes_3136073_10.out,I_td,mismatch,0:5:59.81,1,10,,,,0.2,,,,20,70,51,0,6,61,0,15,151,51,,Taman_edgeon,mismatch_z1_mcz10_I0p1-0p9_td20-70_Taman_edgeon/mismatch_cubes,mismatch_cubes_z1_mcz10_I0p2_td20-70x51_omega0-6x61_theta0-15x151_gamma0-2pix51_Taman_edgeon.h5,2223926,2026-04-30,ok,
compute_mismatch_I_td_cubes_3136073_11.out,I_td,mismatch,0:5:47.06,1,10,,,,0.21,,,,20,70,51,0,6,61,0,15,151,51,,Taman_edgeon,mismatch_z1_mcz10_I0p1-0p9_td20-70_Taman_edgeon/mismatch_cubes,mismatch_cubes_z1_mcz10_I0p21_td20-70x51_omega0-6x61_theta0-15x151_gamma0-2pix51_Taman_edgeon.h5,2221737,2026-04-30,ok,
compute_mismatch_I_td_cubes_3136073_12.out,I_td,mismatch,0:5:47.76,1,10,,,,0.22,,,,20,70,51,0,6,61,0,15,151,51,,Taman_edgeon,mismatch_z1_mcz10_I0p1-0p9_td20-70_Taman_edgeon/mismatch_cubes,mismatch_cubes_z1_mcz10_I0p22_td20-70x51_omega0-6x61_theta0-15x151_gamma0-2pix51_Taman_edgeon.h5,2220286,2026-04-30,ok,
compute_mismatch_I_td_cubes_3136073_13.out,I_td,mismatch,0:5:47.66,1,10,,,,0.23,,,,20,70,51,0,6,61,0,15,151,51,,Taman_edgeon,mismatch_z1_mcz10_I0p1-0p9_td20-70_Taman_edgeon/mismatch_cubes,mismatch_cubes_z1_mcz10_I0p23_td20-70x51_omega0-6x61_theta0-15x151_gamma0-2pix51_Taman_edgeon.h5,2218528,2026-04-30,ok,
compute_mismatch_I_td_cubes_3136073_14.out,I_td,mismatch,0:5:48.54,1,10,,,,0.24,,,,20,70,51,0,6,61,0,15,151,51,,Taman_edgeon,mismatch_z1_mcz10_I0p1-0p9_td20-70_Taman_edgeon/mismatch_cubes,mismatch_cubes_z1_mcz10_I0p24_td20-70x51_omega0-6x61_theta0-15x151_gamma0-2pix51_Taman_edgeon.h5,2217342,2026-04-30,ok,
compute_mismatch_I_td_cubes_3136073_15.out,I_td,mismatch,0:5:47.59,1,10,,,,0.25,,,,20,70,51,0,6,61,0,15,151,51,,Taman_edgeon,mismatch_z1_mcz10_I0p1-0p9_td20-70_Taman_edgeon/mismatch_cubes,mismatch_cubes_z1_mcz10_I0p25_td20-70x51_omega0-6x61_theta0-15x151_gamma0-2pix51_Taman_edgeon.h5,2214827,2026-04-30,ok,
compute_mismatch_I_td_cubes_3136073_16.out,I_td,mismatch,0:5:47.18,1,10,,,,0.26,,,,20,70,51,0,6,61,0,15,151,51,,Taman_edgeon,mismatch_z1_mcz10_I0p1-0p9_td20-70_Taman_edgeon/mismatch_cubes,mismatch_cubes_z1_mcz10_I0p26_td20-70x51_omega0-6x61_theta0-15x151_gamma0-2pix51_Taman_edgeon.h5,2214183,2026-04-30,ok,
compute_mismatch_I_td_cubes_3136073_17.out,I_td,mismatch,0:5:46.37,1,10,,,,0.27,,,,20,70,51,0,6,61,0,15,151,51,,Taman_edgeon,mismatch_z1_mcz10_I0p1-0p9_td20-70_Taman_edgeon/mismatch_cubes,mismatch_cubes_z1_mcz10_I0p27_td20-70x51_omega0-6x61_theta0-15x151_gamma0-2pix51_Taman_edgeon.h5,2212843,2026-04-30,ok,
compute_mismatch_I_td_cubes_3136073_18.out,I_td,mismatch,0:5:46.75,1,10,,,,0.28,,,,20,70,51,0,6,61,0,15,151,51,,Taman_edgeon,mismatch_z1_mcz10_I0p1-0p9_td20-70_Taman_edgeon/mismatch_cubes,mismatch_cubes_z1_mcz10_I0p28_td20-70x51_omega0-6x61_theta0-15x151_gamma0-2pix51_Taman_edgeon.h5,2211653,2026-04-30,ok,
compute_mismatch_I_td_cubes_3136073_19.out,I_td,mismatch,0:6:6.14,1,10,,,,0.29,,,,20,70,51,0,6,61,0,15,151,51,,Taman_edgeon,mismatch_z1_mcz10_I0p1-0p9_td20-70_Taman_edgeon/mismatch_cubes,mismatch_cubes_z1_mcz10_I0p29_td20-70x51_omega0-6x61_theta0-15x151_gamma0-2pix51_Taman_edgeon.h5,2210805,2026-04-30,ok,
compute_mismatch_I_td_cubes_3136073_20.out,I_td,mismatch,0:5:59.69,1,10,,,,0.3,,,,20,70,51,0,6,61,0,15,151,51,,Taman_edgeon,mismatch_z1_mcz10_I0p1-0p9_td20-70_Taman_edgeon/mismatch_cubes,mismatch_cubes_z1_mcz10_I0p3_td20-70x51_omega0-6x61_theta0-15x151_gamma0-2pix51_Taman_edgeon.h5,2206875,2026-04-30,ok,
compute_mismatch_I_td_cubes_3136073_21.out,I_td,mismatch,0:6:5.54,1,10,,,,0.31,,,,20,70,51,0,6,61,0,15,151,51,,Taman_edgeon,mismatch_z1_mcz10_I0p1-0p9_td20-70_Taman_edgeon/mismatch_cubes,mismatch_cubes_z1_mcz10_I0p31_td20-70x51_omega0-6x61_theta0-15x151_gamma0-2pix51_Taman_edgeon.h5,2202020,2026-04-30,ok,
compute_mismatch_I_td_cubes_3136073_22.out,I_td,mismatch,0:6:4.98,1,10,,,,0.32,,,,20,70,51,0,6,61,0,15,151,51,,Taman_edgeon,mismatch_z1_mcz10_I0p1-0p9_td20-70_Taman_edgeon/mismatch_cubes,mismatch_cubes_z1_mcz10_I0p32_td20-70x51_omega0-6x61_theta0-15x151_gamma0-2pix51_Taman_edgeon.h5,2196366,2026-04-30,ok,
compute_mismatch_I_td_cubes_3136073_23.out,I_td,mismatch,0:6:3.36,1,10,,,,0.33,,,,20,70,51,0,6,61,0,15,151,51,,Taman_edgeon,mismatch_z1_mcz10_I0p1-0p9_td20-70_Taman_edgeon/mismatch_cubes,mismatch_cubes_z1_mcz10_I0p33_td20-70x51_omega0-6x61_theta0-15x151_gamma0-2pix51_Taman_edgeon.h5,2191379,2026-04-30,ok,
compute_mismatch_I_td_cubes_3136073_24.out,I_td,mismatch,0:5:46.82,1,10,,,,0.34,,,,20,70,51,0,6,61,0,15,151,51,,Taman_edgeon,mismatch_z1_mcz10_I0p1-0p9_td20-70_Taman_edgeon/mismatch_cubes,mismatch_cubes_z1_mcz10_I0p34_td20-70x51_omega0-6x61_theta0-15x151_gamma0-2pix51_Taman_edgeon.h5,2186254,2026-04-30,ok,
compute_mismatch_I_td_cubes_3136073_25.out,I_td,mismatch,0:6:0.01,1,10,,,,0.35,,,,20,70,51,0,6,61,0,15,151,51,,Taman_edgeon,mismatch_z1_mcz10_I0p1-0p9_td20-70_Taman_edgeon/mismatch_cubes,mismatch_cubes_z1_mcz10_I0p35_td20-70x51_omega0-6x61_theta0-15x151_gamma0-2pix51_Taman_edgeon.h5,2182831,2026-04-30,ok,
compute_mismatch_I_td_cubes_3136073_26.out,I_td,mismatch,0:5:51.06,1,10,,,,0.36,,,,20,70,51,0,6,61,0,15,151,51,,Taman_edgeon,mismatch_z1_mcz10_I0p1-0p9_td20-70_Taman_edgeon/mismatch_cubes,mismatch_cubes_z1_mcz10_I0p36_td20-70x51_omega0-6x61_theta0-15x151_gamma0-2pix51_Taman_edgeon.h5,2178698,2026-04-30,ok,
compute_mismatch_I_td_cubes_3136073_27.out,I_td,mismatch,0:5:49.79,1,10,,,,0.37,,,,20,70,51,0,6,61,0,15,151,51,,Taman_edgeon,mismatch_z1_mcz10_I0p1-0p9_td20-70_Taman_edgeon/mismatch_cubes,mismatch_cubes_z1_mcz10_I0p37_td20-70x51_omega0-6x61_theta0-15x151_gamma0-2pix51_Taman_edgeon.h5,2176618,2026-04-30,ok,
compute_mismatch_I_td_cubes_3136073_28.out,I_td,mismatch,0:5:47.9,1,10,,,,0.38,,,,20,70,51,0,6,61,0,15,151,51,,Taman_edgeon,mismatch_z1_mcz10_I0p1-0p9_td20-70_Taman_edgeon/mismatch_cubes,mismatch_cubes_z1_mcz10_I0p38_td20-70x51_omega0-6x61_theta0-15x151_gamma0-2pix51_Taman_edgeon.h5,2174279,2026-04-30,ok,
compute_mismatch_I_td_cubes_3136073_29.out,I_td,mismatch,0:5:51.78,1,10,,,,0.39,,,,20,70,51,0,6,61,0,15,151,51,,Taman_edgeon,mismatch_z1_mcz10_I0p1-0p9_td20-70_Taman_edgeon/mismatch_cubes,mismatch_cubes_z1_mcz10_I0p39_td20-70x51_omega0-6x61_theta0-15x151_gamma0-2pix51_Taman_edgeon.h5,2172999,2026-04-30,ok,
compute_mismatch_I_td_cubes_3136073_30.out,I_td,mismatch,0:5:47.57,1,10,,,,0.4,,,,20,70,51,0,6,61,0,15,151,51,,Taman_edgeon,mismatch_z1_mcz10_I0p1-0p9_td20-70_Taman_edgeon/mismatch_cubes,mismatch_cubes_z1_mcz10_I0p4_td20-70x51_omega0-6x61_theta0-15x151_gamma0-2pix51_Taman_edgeon.h5,2171702,2026-04-30,ok,
compute_mismatch_I_td_cubes_3136073_31.out,I_td,mismatch,0:6:2.12,1,10,,,,0.41,,,,20,70,51,0,6,61,0,15,151,51,,Taman_edgeon,mismatch_z1_mcz10_I0p1-0p9_td20-70_Taman_edgeon/mismatch_cubes,mismatch_cubes_z1_mcz10_I0p41_td20-70x51_omega0-6x61_theta0-15x151_gamma0-2pix51_Taman_edgeon.h5,2169439,2026-04-30,ok,
compute_mismatch_I_td_cubes_3136073_32.out,I_td,mismatch,0:5:54.65,1,10,,,,0.42,,,,20,70,51,0,6,61,0,15,151,51,,Taman_edgeon,mismatch_z1_mcz10_I0p1-0p9_td20-70_Taman_edgeon/mismatch_cubes,mismatch_cubes_z1_mcz10_I0p42_td20-70x51_omega0-6x61_theta0-15x151_gamma0-2pix51_Taman_edgeon.h5,2168311,2026-04-30,ok,
compute_mismatch_I_td_cubes_3136073_33.out,I_td,mismatch,0:5:57.73,1,10,,,,0.43,,,,20,70,51,0,6,61,0,15,151,51,,Taman_edgeon,mismatch_z1_mcz10_I0p1-0p9_td20-70_Taman_edgeon/mismatch_cubes,mismatch_cubes_z1_mcz10_I0p43_td20-70x51_omega0-6x61_theta0-15x151_gamma0-2pix51_Taman_edgeon.h5,2167354,2026-04-30,ok,
compute_mismatch_I_td_cubes_3136073_34.out,I_td,mismatch,0:5:58.23,1,10,,,,0.44,,,,20,70,51,0,6,61,0,15,151,51,,Taman_edgeon,mismatch_z1_mcz10_I0p1-0p9_td20-70_Taman_edgeon/mismatch_cubes,mismatch_cubes_z1_mcz10_I0p44_td20-70x51_omega0-6x61_theta0-15x151_gamma0-2pix51_Taman_edgeon.h5,2166577,2026-04-30,ok,
compute_mismatch_I_td_cubes_3136073_35.out,I_td,mismatch,0:5:57.3,1,10,,,,0.45,,,,20,70,51,0,6,61,0,15,151,51,,Taman_edgeon,mismatch_z1_mcz10_I0p1-0p9_td20-70_Taman_edgeon/mismatch_cubes,mismatch_cubes_z1_mcz10_I0p45_td20-70x51_omega0-6x61_theta0-15x151_gamma0-2pix51_Taman_edgeon.h5,2164892,2026-04-30,ok,
compute_mismatch_I_td_cubes_3136073_36.out,I_td,mismatch,0:5:45.36,1,10,,,,0.46,,,,20,70,51,0,6,61,0,15,151,51,,Taman_edgeon,mismatch_z1_mcz10_I0p1-0p9_td20-70_Taman_edgeon/mismatch_cubes,mismatch_cubes_z1_mcz10_I0p46_td20-70x51_omega0-6x61_theta0-15x151_gamma0-2pix51_Taman_edgeon.h5,2164757,2026-04-30,ok,
compute_mismatch_I_td_cubes_3136073_37.out,I_td,mismatch,0:5:48.65,1,10,,,,0.47,,,,20,70,51,0,6,61,0,15,151,51,,Taman_edgeon,mismatch_z1_mcz10_I0p1-0p9_td20-70_Taman_edgeon/mismatch_cubes,mismatch_cubes_z1_mcz10_I0p47_td20-70x51_omega0-6x61_theta0-15x151_gamma0-2pix51_Taman_edgeon.h5,2163361,2026-04-30,ok,
compute_mismatch_I_td_cubes_3136073_38.out,I_td,mismatch,0:5:45.44,1,10,,,,0.48,,,,20,70,51,0,6,61,0,15,151,51,,Taman_edgeon,mismatch_z1_mcz10_I0p1-0p9_td20-70_Taman_edgeon/mismatch_cubes,mismatch_cubes_z1_mcz10_I0p48_td20-70x51_omega0-6x61_theta0-15x151_gamma0-2pix51_Taman_edgeon.h5,2162312,2026-04-30,ok,
compute_mismatch_I_td_cubes_3136073_39.out,I_td,mismatch,0:5:48.9,1,10,,,,0.49,,,,20,70,51,0,6,61,0,15,151,51,,Taman_edgeon,mismatch_z1_mcz10_I0p1-0p9_td20-70_Taman_edgeon/mismatch_cubes,mismatch_cubes_z1_mcz10_I0p49_td20-70x51_omega0-6x61_theta0-15x151_gamma0-2pix51_Taman_edgeon.h5,2161111,2026-04-30,ok,
compute_mismatch_I_td_cubes_3136073_40.out,I_td,mismatch,0:5:45.79,1,10,,,,0.5,,,,20,70,51,0,6,61,0,15,151,51,,Taman_edgeon,mismatch_z1_mcz10_I0p1-0p9_td20-70_Taman_edgeon/mismatch_cubes,mismatch_cubes_z1_mcz10_I0p5_td20-70x51_omega0-6x61_theta0-15x151_gamma0-2pix51_Taman_edgeon.h5,2160615,2026-04-30,ok,
compute_mismatch_I_td_cubes_3136073_41.out,I_td,mismatch,0:5:45.5,1,10,,,,0.51,,,,20,70,51,0,6,61,0,15,151,51,,Taman_edgeon,mismatch_z1_mcz10_I0p1-0p9_td20-70_Taman_edgeon/mismatch_cubes,mismatch_cubes_z1_mcz10_I0p51_td20-70x51_omega0-6x61_theta0-15x151_gamma0-2pix51_Taman_edgeon.h5,2159918,2026-04-30,ok,
compute_mismatch_I_td_cubes_3136073_42.out,I_td,mismatch,0:5:43.51,1,10,,,,0.52,,,,20,70,51,0,6,61,0,15,151,51,,Taman_edgeon,mismatch_z1_mcz10_I0p1-0p9_td20-70_Taman_edgeon/mismatch_cubes,mismatch_cubes_z1_mcz10_I0p52_td20-70x51_omega0-6x61_theta0-15x151_gamma0-2pix51_Taman_edgeon.h5,2158864,2026-04-30,ok,
compute_mismatch_I_td_cubes_3136073_43.out,I_td,mismatch,0:6:1.13,1,10,,,,0.53,,,,20,70,51,0,6,61,0,15,151,51,,Taman_edgeon,mismatch_z1_mcz10_I0p1-0p9_td20-70_Taman_edgeon/mismatch_cubes,mismatch_cubes_z1_mcz10_I0p53_td20-70x51_omega0-6x61_theta0-15x151_gamma0-2pix51_Taman_edgeon.h5,2158197,2026-04-30,ok,
compute_mismatch_I_td_cubes_3136073_44.out,I_td,mismatch,0:5:51.74,1,10,,,,0.54,,,,20,70,51,0,6,61,0,15,151,51,,Taman_edgeon,mismatch_z1_mcz10_I0p1-0p9_td20-70_Taman_edgeon/mismatch_cubes,mismatch_cubes_z1_mcz10_I0p54_td20-70x51_omega0-6x61_theta0-15x151_gamma0-2pix51_Taman_edgeon.h5,2157516,2026-04-30,ok,
compute_mismatch_I_td_cubes_3136073_45.out,I_td,mismatch,0:5:45.98,1,10,,,,0.55,,,,20,70,51,0,6,61,0,15,151,51,,Taman_edgeon,mismatch_z1_mcz10_I0p1-0p9_td20-70_Taman_edgeon/mismatch_cubes,mismatch_cubes_z1_mcz10_I0p55_td20-70x51_omega0-6x61_theta0-15x151_gamma0-2pix51_Taman_edgeon.h5,2157431,2026-04-30,ok,
compute_mismatch_I_td_cubes_3136073_46.out,I_td,mismatch,0:5:50.02,1,10,,,,0.56,,,,20,70,51,0,6,61,0,15,151,51,,Taman_edgeon,mismatch_z1_mcz10_I0p1-0p9_td20-70_Taman_edgeon/mismatch_cubes,mismatch_cubes_z1_mcz10_I0p56_td20-70x51_omega0-6x61_theta0-15x151_gamma0-2pix51_Taman_edgeon.h5,2155775,2026-04-30,ok,
compute_mismatch_I_td_cubes_3136073_47.out,I_td,mismatch,0:6:2.49,1,10,,,,0.57,,,,20,70,51,0,6,61,0,15,151,51,,Taman_edgeon,mismatch_z1_mcz10_I0p1-0p9_td20-70_Taman_edgeon/mismatch_cubes,mismatch_cubes_z1_mcz10_I0p57_td20-70x51_omega0-6x61_theta0-15x151_gamma0-2pix51_Taman_edgeon.h5,2154366,2026-04-30,ok,
compute_mismatch_I_td_cubes_3136073_48.out,I_td,mismatch,0:5:54.09,1,10,,,,0.58,,,,20,70,51,0,6,61,0,15,151,51,,Taman_edgeon,mismatch_z1_mcz10_I0p1-0p9_td20-70_Taman_edgeon/mismatch_cubes,mismatch_cubes_z1_mcz10_I0p58_td20-70x51_omega0-6x61_theta0-15x151_gamma0-2pix51_Taman_edgeon.h5,2153401,2026-04-30,ok,
compute_mismatch_I_td_cubes_3136073_49.out,I_td,mismatch,0:5:57.76,1,10,,,,0.59,,,,20,70,51,0,6,61,0,15,151,51,,Taman_edgeon,mismatch_z1_mcz10_I0p1-0p9_td20-70_Taman_edgeon/mismatch_cubes,mismatch_cubes_z1_mcz10_I0p59_td20-70x51_omega0-6x61_theta0-15x151_gamma0-2pix51_Taman_edgeon.h5,2152735,2026-04-30,ok,
compute_mismatch_I_td_cubes_3136073_50.out,I_td,mismatch,0:6:3.54,1,10,,,,0.6,,,,20,70,51,0,6,61,0,15,151,51,,Taman_edgeon,mismatch_z1_mcz10_I0p1-0p9_td20-70_Taman_edgeon/mismatch_cubes,mismatch_cubes_z1_mcz10_I0p6_td20-70x51_omega0-6x61_theta0-15x151_gamma0-2pix51_Taman_edgeon.h5,2152898,2026-05-01,ok,
compute_mismatch_I_td_cubes_3136073_51.out,I_td,mismatch,0:5:44.39,1,10,,,,0.61,,,,20,70,51,0,6,61,0,15,151,51,,Taman_edgeon,mismatch_z1_mcz10_I0p1-0p9_td20-70_Taman_edgeon/mismatch_cubes,mismatch_cubes_z1_mcz10_I0p61_td20-70x51_omega0-6x61_theta0-15x151_gamma0-2pix51_Taman_edgeon.h5,2151794,2026-05-01,ok,
compute_mismatch_I_td_cubes_3136073_52.out,I_td,mismatch,0:5:45.15,1,10,,,,0.62,,,,20,70,51,0,6,61,0,15,151,51,,Taman_edgeon,mismatch_z1_mcz10_I0p1-0p9_td20-70_Taman_edgeon/mismatch_cubes,mismatch_cubes_z1_mcz10_I0p62_td20-70x51_omega0-6x61_theta0-15x151_gamma0-2pix51_Taman_edgeon.h5,2151297,2026-05-01,ok,
compute_mismatch_I_td_cubes_3136073_53.out,I_td,mismatch,0:5:47.33,1,10,,,,0.63,,,,20,70,51,0,6,61,0,15,151,51,,Taman_edgeon,mismatch_z1_mcz10_I0p1-0p9_td20-70_Taman_edgeon/mismatch_cubes,mismatch_cubes_z1_mcz10_I0p63_td20-70x51_omega0-6x61_theta0-15x151_gamma0-2pix51_Taman_edgeon.h5,2150853,2026-05-01,ok,
compute_mismatch_I_td_cubes_3136073_54.out,I_td,mismatch,0:5:51.0,1,10,,,,0.64,,,,20,70,51,0,6,61,0,15,151,51,,Taman_edgeon,mismatch_z1_mcz10_I0p1-0p9_td20-70_Taman_edgeon/mismatch_cubes,mismatch_cubes_z1_mcz10_I0p64_td20-70x51_omega0-6x61_theta0-15x151_gamma0-2pix51_Taman_edgeon.h5,2150013,2026-05-01,ok,
compute_mismatch_I_td_cubes_3136073_55.out,I_td,mismatch,0:6:3.22,1,10,,,,0.65,,,,20,70,51,0,6,61,0,15,151,51,,Taman_edgeon,mismatch_z1_mcz10_I0p1-0p9_td20-70_Taman_edgeon/mismatch_cubes,mismatch_cubes_z1_mcz10_I0p65_td20-70x51_omega0-6x61_theta0-15x151_gamma0-2pix51_Taman_edgeon.h5,2149859,2026-05-01,ok,
compute_mismatch_I_td_cubes_3136073_56.out,I_td,mismatch,0:5:57.11,1,10,,,,0.66,,,,20,70,51,0,6,61,0,15,151,51,,Taman_edgeon,mismatch_z1_mcz10_I0p1-0p9_td20-70_Taman_edgeon/mismatch_cubes,mismatch_cubes_z1_mcz10_I0p66_td20-70x51_omega0-6x61_theta0-15x151_gamma0-2pix51_Taman_edgeon.h5,2148261,2026-05-01,ok,
compute_mismatch_I_td_cubes_3136073_57.out,I_td,mismatch,0:6:1.14,1,10,,,,0.67,,,,20,70,51,0,6,61,0,15,151,51,,Taman_edgeon,mismatch_z1_mcz10_I0p1-0p9_td20-70_Taman_edgeon/mismatch_cubes,mismatch_cubes_z1_mcz10_I0p67_td20-70x51_omega0-6x61_theta0-15x151_gamma0-2pix51_Taman_edgeon.h5,2148124,2026-05-01,ok,
compute_mismatch_I_td_cubes_3136073_58.out,I_td,mismatch,0:6:3.89,1,10,,,,0.68,,,,20,70,51,0,6,61,0,15,151,51,,Taman_edgeon,mismatch_z1_mcz10_I0p1-0p9_td20-70_Taman_edgeon/mismatch_cubes,mismatch_cubes_z1_mcz10_I0p68_td20-70x51_omega0-6x61_theta0-15x151_gamma0-2pix51_Taman_edgeon.h5,2147167,2026-05-01,ok,
compute_mismatch_I_td_cubes_3136073_59.out,I_td,mismatch,0:6:0.9,1,10,,,,0.69,,,,20,70,51,0,6,61,0,15,151,51,,Taman_edgeon,mismatch_z1_mcz10_I0p1-0p9_td20-70_Taman_edgeon/mismatch_cubes,mismatch_cubes_z1_mcz10_I0p69_td20-70x51_omega0-6x61_theta0-15x151_gamma0-2pix51_Taman_edgeon.h5,2145873,2026-05-01,ok,
compute_mismatch_I_td_cubes_3136073_60.out,I_td,mismatch,0:6:0.75,1,10,,,,0.7,,,,20,70,51,0,6,61,0,15,151,51,,Taman_edgeon,mismatch_z1_mcz10_I0p1-0p9_td20-70_Taman_edgeon/mismatch_cubes,mismatch_cubes_z1_mcz10_I0p7_td20-70x51_omega0-6x61_theta0-15x151_gamma0-2pix51_Taman_edgeon.h5,2144993,2026-05-01,ok,
compute_mismatch_I_td_cubes_3136073_61.out,I_td,mismatch,0:5:40.87,1,10,,,,0.71,,,,20,70,51,0,6,61,0,15,151,51,,Taman_edgeon,mismatch_z1_mcz10_I0p1-0p9_td20-70_Taman_edgeon/mismatch_cubes,mismatch_cubes_z1_mcz10_I0p71_td20-70x51_omega0-6x61_theta0-15x151_gamma0-2pix51_Taman_edgeon.h5,2144008,2026-05-01,ok,
compute_mismatch_I_td_cubes_3136073_62.out,I_td,mismatch,0:5:44.98,1,10,,,,0.72,,,,20,70,51,0,6,61,0,15,151,51,,Taman_edgeon,mismatch_z1_mcz10_I0p1-0p9_td20-70_Taman_edgeon/mismatch_cubes,mismatch_cubes_z1_mcz10_I0p72_td20-70x51_omega0-6x61_theta0-15x151_gamma0-2pix51_Taman_edgeon.h5,2143395,2026-05-01,ok,
compute_mismatch_I_td_cubes_3136073_63.out,I_td,mismatch,0:6:2.03,1,10,,,,0.73,,,,20,70,51,0,6,61,0,15,151,51,,Taman_edgeon,mismatch_z1_mcz10_I0p1-0p9_td20-70_Taman_edgeon/mismatch_cubes,mismatch_cubes_z1_mcz10_I0p73_td20-70x51_omega0-6x61_theta0-15x151_gamma0-2pix51_Taman_edgeon.h5,2142533,2026-05-01,ok,
compute_mismatch_I_td_cubes_3136073_64.out,I_td,mismatch,0:5:59.12,1,10,,,,0.74,,,,20,70,51,0,6,61,0,15,151,51,,Taman_edgeon,mismatch_z1_mcz10_I0p1-0p9_td20-70_Taman_edgeon/mismatch_cubes,mismatch_cubes_z1_mcz10_I0p74_td20-70x51_omega0-6x61_theta0-15x151_gamma0-2pix51_Taman_edgeon.h5,2141100,2026-05-01,ok,
compute_mismatch_I_td_cubes_3136073_65.out,I_td,mismatch,0:5:45.74,1,10,,,,0.75,,,,20,70,51,0,6,61,0,15,151,51,,Taman_edgeon,mismatch_z1_mcz10_I0p1-0p9_td20-70_Taman_edgeon/mismatch_cubes,mismatch_cubes_z1_mcz10_I0p75_td20-70x51_omega0-6x61_theta0-15x151_gamma0-2pix51_Taman_edgeon.h5,2139767,2026-05-01,ok,
compute_mismatch_I_td_cubes_3136073_66.out,I_td,mismatch,0:6:2.1,1,10,,,,0.76,,,,20,70,51,0,6,61,0,15,151,51,,Taman_edgeon,mismatch_z1_mcz10_I0p1-0p9_td20-70_Taman_edgeon/mismatch_cubes,mismatch_cubes_z1_mcz10_I0p76_td20-70x51_omega0-6x61_theta0-15x151_gamma0-2pix51_Taman_edgeon.h5,2138634,2026-05-01,ok,
compute_mismatch_I_td_cubes_3136073_67.out,I_td,mismatch,0:5:57.78,1,10,,,,0.77,,,,20,70,51,0,6,61,0,15,151,51,,Taman_edgeon,mismatch_z1_mcz10_I0p1-0p9_td20-70_Taman_edgeon/mismatch_cubes,mismatch_cubes_z1_mcz10_I0p77_td20-70x51_omega0-6x61_theta0-15x151_gamma0-2pix51_Taman_edgeon.h5,2137967,2026-05-01,ok,
compute_mismatch_I_td_cubes_3136073_68.out,I_td,mismatch,0:5:45.69,1,10,,,,0.78,,,,20,70,51,0,6,61,0,15,151,51,,Taman_edgeon,mismatch_z1_mcz10_I0p1-0p9_td20-70_Taman_edgeon/mismatch_cubes,mismatch_cubes_z1_mcz10_I0p78_td20-70x51_omega0-6x61_theta0-15x151_gamma0-2pix51_Taman_edgeon.h5,2137236,2026-05-01,ok,
compute_mismatch_I_td_cubes_3136073_69.out,I_td,mismatch,0:5:44.56,1,10,,,,0.79,,,,20,70,51,0,6,61,0,15,151,51,,Taman_edgeon,mismatch_z1_mcz10_I0p1-0p9_td20-70_Taman_edgeon/mismatch_cubes,mismatch_cubes_z1_mcz10_I0p79_td20-70x51_omega0-6x61_theta0-15x151_gamma0-2pix51_Taman_edgeon.h5,2136119,2026-05-01,ok,
compute_mismatch_I_td_cubes_3136073_70.out,I_td,mismatch,0:5:46.69,1,10,,,,0.8,,,,20,70,51,0,6,61,0,15,151,51,,Taman_edgeon,mismatch_z1_mcz10_I0p1-0p9_td20-70_Taman_edgeon/mismatch_cubes,mismatch_cubes_z1_mcz10_I0p8_td20-70x51_omega0-6x61_theta0-15x151_gamma0-2pix51_Taman_edgeon.h5,2134664,2026-05-01,ok,
compute_mismatch_I_td_cubes_3136073_71.out,I_td,mismatch,0:5:50.19,1,10,,,,0.81,,,,20,70,51,0,6,61,0,15,151,51,,Taman_edgeon,mismatch_z1_mcz10_I0p1-0p9_td20-70_Taman_edgeon/mismatch_cubes,mismatch_cubes_z1_mcz10_I0p81_td20-70x51_omega0-6x61_theta0-15x151_gamma0-2pix51_Taman_edgeon.h5,2133412,2026-05-01,ok,
compute_mismatch_I_td_cubes_3136073_72.out,I_td,mismatch,0:5:47.45,1,10,,,,0.82,,,,20,70,51,0,6,61,0,15,151,51,,Taman_edgeon,mismatch_z1_mcz10_I0p1-0p9_td20-70_Taman_edgeon/mismatch_cubes,mismatch_cubes_z1_mcz10_I0p82_td20-70x51_omega0-6x61_theta0-15x151_gamma0-2pix51_Taman_edgeon.h5,2132167,2026-05-01,ok,
compute_mismatch_I_td_cubes_3136073_73.out,I_td,mismatch,0:6:2.87,1,10,,,,0.83,,,,20,70,51,0,6,61,0,15,151,51,,Taman_edgeon,mismatch_z1_mcz10_I0p1-0p9_td20-70_Taman_edgeon/mismatch_cubes,mismatch_cubes_z1_mcz10_I0p83_td20-70x51_omega0-6x61_theta0-15x151_gamma0-2pix51_Taman_edgeon.h5,2130840,2026-05-01,ok,
compute_mismatch_I_td_cubes_3136073_74.out,I_td,mismatch,0:5:55.96,1,10,,,,0.84,,,,20,70,51,0,6,61,0,15,151,51,,Taman_edgeon,mismatch_z1_mcz10_I0p1-0p9_td20-70_Taman_edgeon/mismatch_cubes,mismatch_cubes_z1_mcz10_I0p84_td20-70x51_omega0-6x61_theta0-15x151_gamma0-2pix51_Taman_edgeon.h5,2129985,2026-05-01,ok,
compute_mismatch_I_td_cubes_3136073_75.out,I_td,mismatch,0:6:2.35,1,10,,,,0.85,,,,20,70,51,0,6,61,0,15,151,51,,Taman_edgeon,mismatch_z1_mcz10_I0p1-0p9_td20-70_Taman_edgeon/mismatch_cubes,mismatch_cubes_z1_mcz10_I0p85_td20-70x51_omega0-6x61_theta0-15x151_gamma0-2pix51_Taman_edgeon.h5,2128977,2026-05-01,ok,
compute_mismatch_I_td_cubes_3136073_76.out,I_td,mismatch,0:5:59.14,1,10,,,,0.86,,,,20,70,51,0,6,61,0,15,151,51,,Taman_edgeon,mismatch_z1_mcz10_I0p1-0p9_td20-70_Taman_edgeon/mismatch_cubes,mismatch_cubes_z1_mcz10_I0p86_td20-70x51_omega0-6x61_theta0-15x151_gamma0-2pix51_Taman_edgeon.h5,2129001,2026-05-01,ok,
compute_mismatch_I_td_cubes_3136073_77.out,I_td,mismatch,0:6:2.26,1,10,,,,0.87,,,,20,70,51,0,6,61,0,15,151,51,,Taman_edgeon,mismatch_z1_mcz10_I0p1-0p9_td20-70_Taman_edgeon/mismatch_cubes,mismatch_cubes_z1_mcz10_I0p87_td20-70x51_omega0-6x61_theta0-15x151_gamma0-2pix51_Taman_edgeon.h5,2128854,2026-05-01,ok,
compute_mismatch_I_td_cubes_3136073_78.out,I_td,mismatch,0:6:0.74,1,10,,,,0.88,,,,20,70,51,0,6,61,0,15,151,51,,Taman_edgeon,mismatch_z1_mcz10_I0p1-0p9_td20-70_Taman_edgeon/mismatch_cubes,mismatch_cubes_z1_mcz10_I0p88_td20-70x51_omega0-6x61_theta0-15x151_gamma0-2pix51_Taman_edgeon.h5,2128336,2026-05-01,ok,
compute_mismatch_I_td_cubes_3136073_79.out,I_td,mismatch,0:5:57.65,1,10,,,,0.89,,,,20,70,51,0,6,61,0,15,151,51,,Taman_edgeon,mismatch_z1_mcz10_I0p1-0p9_td20-70_Taman_edgeon/mismatch_cubes,mismatch_cubes_z1_mcz10_I0p89_td20-70x51_omega0-6x61_theta0-15x151_gamma0-2pix51_Taman_edgeon.h5,2128655,2026-05-01,ok,
compute_mismatch_I_td_cubes_3136073_80.out,I_td,mismatch,0:5:49.38,1,10,,,,0.9,,,,20,70,51,0,6,61,0,15,151,51,,Taman_edgeon,mismatch_z1_mcz10_I0p1-0p9_td20-70_Taman_edgeon/mismatch_cubes,mismatch_cubes_z1_mcz10_I0p9_td20-70x51_omega0-6x61_theta0-15x151_gamma0-2pix51_Taman_edgeon.h5,2128446,2026-05-01,ok,
compute_mismatch_I_td_cubes_3137272_0.out,I_td,mismatch,0:5:16.89,1,20,,,,0.1,,,,20,70,51,0,6,61,0,15,151,51,,Taman_edgeon,mismatch_z1_mcz20_I0p1-0p9_td20-70_Taman_edgeon/mismatch_cubes,mismatch_cubes_z1_mcz20_I0p1_td20-70x51_omega0-6x61_theta0-15x151_gamma0-2pix51_Taman_edgeon.h5,2281491,2026-05-01,ok,
compute_mismatch_I_td_cubes_3137272_1.out,I_td,mismatch,0:5:21.37,1,20,,,,0.11,,,,20,70,51,0,6,61,0,15,151,51,,Taman_edgeon,mismatch_z1_mcz20_I0p1-0p9_td20-70_Taman_edgeon/mismatch_cubes,mismatch_cubes_z1_mcz20_I0p11_td20-70x51_omega0-6x61_theta0-15x151_gamma0-2pix51_Taman_edgeon.h5,2276699,2026-05-01,ok,
compute_mismatch_I_td_cubes_3137272_2.out,I_td,mismatch,0:5:33.72,1,20,,,,0.12,,,,20,70,51,0,6,61,0,15,151,51,,Taman_edgeon,mismatch_z1_mcz20_I0p1-0p9_td20-70_Taman_edgeon/mismatch_cubes,mismatch_cubes_z1_mcz20_I0p12_td20-70x51_omega0-6x61_theta0-15x151_gamma0-2pix51_Taman_edgeon.h5,2272339,2026-05-01,ok,
compute_mismatch_I_td_cubes_3137272_3.out,I_td,mismatch,0:5:29.86,1,20,,,,0.13,,,,20,70,51,0,6,61,0,15,151,51,,Taman_edgeon,mismatch_z1_mcz20_I0p1-0p9_td20-70_Taman_edgeon/mismatch_cubes,mismatch_cubes_z1_mcz20_I0p13_td20-70x51_omega0-6x61_theta0-15x151_gamma0-2pix51_Taman_edgeon.h5,2267932,2026-05-01,ok,
compute_mismatch_I_td_cubes_3137272_4.out,I_td,mismatch,0:5:33.58,1,20,,,,0.14,,,,20,70,51,0,6,61,0,15,151,51,,Taman_edgeon,mismatch_z1_mcz20_I0p1-0p9_td20-70_Taman_edgeon/mismatch_cubes,mismatch_cubes_z1_mcz20_I0p14_td20-70x51_omega0-6x61_theta0-15x151_gamma0-2pix51_Taman_edgeon.h5,2262457,2026-05-01,ok,
compute_mismatch_I_td_cubes_3137272_5.out,I_td,mismatch,0:5:32.52,1,20,,,,0.15,,,,20,70,51,0,6,61,0,15,151,51,,Taman_edgeon,mismatch_z1_mcz20_I0p1-0p9_td20-70_Taman_edgeon/mismatch_cubes,mismatch_cubes_z1_mcz20_I0p15_td20-70x51_omega0-6x61_theta0-15x151_gamma0-2pix51_Taman_edgeon.h5,2257592,2026-05-01,ok,
compute_mismatch_I_td_cubes_3137272_6.out,I_td,mismatch,0:5:21.15,1,20,,,,0.16,,,,20,70,51,0,6,61,0,15,151,51,,Taman_edgeon,mismatch_z1_mcz20_I0p1-0p9_td20-70_Taman_edgeon/mismatch_cubes,mismatch_cubes_z1_mcz20_I0p16_td20-70x51_omega0-6x61_theta0-15x151_gamma0-2pix51_Taman_edgeon.h5,2252556,2026-05-01,ok,
compute_mismatch_I_td_cubes_3137272_7.out,I_td,mismatch,0:5:19.62,1,20,,,,0.17,,,,20,70,51,0,6,61,0,15,151,51,,Taman_edgeon,mismatch_z1_mcz20_I0p1-0p9_td20-70_Taman_edgeon/mismatch_cubes,mismatch_cubes_z1_mcz20_I0p17_td20-70x51_omega0-6x61_theta0-15x151_gamma0-2pix51_Taman_edgeon.h5,2247773,2026-05-01,ok,
compute_mismatch_I_td_cubes_3137272_8.out,I_td,mismatch,0:5:20.21,1,20,,,,0.18,,,,20,70,51,0,6,61,0,15,151,51,,Taman_edgeon,mismatch_z1_mcz20_I0p1-0p9_td20-70_Taman_edgeon/mismatch_cubes,mismatch_cubes_z1_mcz20_I0p18_td20-70x51_omega0-6x61_theta0-15x151_gamma0-2pix51_Taman_edgeon.h5,2242788,2026-05-01,ok,
compute_mismatch_I_td_cubes_3137272_9.out,I_td,mismatch,0:5:35.24,1,20,,,,0.19,,,,20,70,51,0,6,61,0,15,151,51,,Taman_edgeon,mismatch_z1_mcz20_I0p1-0p9_td20-70_Taman_edgeon/mismatch_cubes,mismatch_cubes_z1_mcz20_I0p19_td20-70x51_omega0-6x61_theta0-15x151_gamma0-2pix51_Taman_edgeon.h5,2238329,2026-05-01,ok,
compute_mismatch_I_td_cubes_3137272_10.out,I_td,mismatch,0:5:30.55,1,20,,,,0.2,,,,20,70,51,0,6,61,0,15,151,51,,Taman_edgeon,mismatch_z1_mcz20_I0p1-0p9_td20-70_Taman_edgeon/mismatch_cubes,mismatch_cubes_z1_mcz20_I0p2_td20-70x51_omega0-6x61_theta0-15x151_gamma0-2pix51_Taman_edgeon.h5,2235826,2026-05-01,ok,
compute_mismatch_I_td_cubes_3137272_11.out,I_td,mismatch,0:5:17.26,1,20,,,,0.21,,,,20,70,51,0,6,61,0,15,151,51,,Taman_edgeon,mismatch_z1_mcz20_I0p1-0p9_td20-70_Taman_edgeon/mismatch_cubes,mismatch_cubes_z1_mcz20_I0p21_td20-70x51_omega0-6x61_theta0-15x151_gamma0-2pix51_Taman_edgeon.h5,2232257,2026-05-01,ok,
compute_mismatch_I_td_cubes_3137272_12.out,I_td,mismatch,0:5:18.5,1,20,,,,0.22,,,,20,70,51,0,6,61,0,15,151,51,,Taman_edgeon,mismatch_z1_mcz20_I0p1-0p9_td20-70_Taman_edgeon/mismatch_cubes,mismatch_cubes_z1_mcz20_I0p22_td20-70x51_omega0-6x61_theta0-15x151_gamma0-2pix51_Taman_edgeon.h5,2229527,2026-05-01,ok,
compute_mismatch_I_td_cubes_3137272_13.out,I_td,mismatch,0:5:19.1,1,20,,,,0.23,,,,20,70,51,0,6,61,0,15,151,51,,Taman_edgeon,mismatch_z1_mcz20_I0p1-0p9_td20-70_Taman_edgeon/mismatch_cubes,mismatch_cubes_z1_mcz20_I0p23_td20-70x51_omega0-6x61_theta0-15x151_gamma0-2pix51_Taman_edgeon.h5,2227486,2026-05-01,ok,
compute_mismatch_I_td_cubes_3137272_14.out,I_td,mismatch,0:5:15.52,1,20,,,,0.24,,,,20,70,51,0,6,61,0,15,151,51,,Taman_edgeon,mismatch_z1_mcz20_I0p1-0p9_td20-70_Taman_edgeon/mismatch_cubes,mismatch_cubes_z1_mcz20_I0p24_td20-70x51_omega0-6x61_theta0-15x151_gamma0-2pix51_Taman_edgeon.h5,2224809,2026-05-01,ok,
compute_mismatch_I_td_cubes_3137272_15.out,I_td,mismatch,0:5:16.41,1,20,,,,0.25,,,,20,70,51,0,6,61,0,15,151,51,,Taman_edgeon,mismatch_z1_mcz20_I0p1-0p9_td20-70_Taman_edgeon/mismatch_cubes,mismatch_cubes_z1_mcz20_I0p25_td20-70x51_omega0-6x61_theta0-15x151_gamma0-2pix51_Taman_edgeon.h5,2222785,2026-05-01,ok,
compute_mismatch_I_td_cubes_3137272_16.out,I_td,mismatch,0:5:33.06,1,20,,,,0.26,,,,20,70,51,0,6,61,0,15,151,51,,Taman_edgeon,mismatch_z1_mcz20_I0p1-0p9_td20-70_Taman_edgeon/mismatch_cubes,mismatch_cubes_z1_mcz20_I0p26_td20-70x51_omega0-6x61_theta0-15x151_gamma0-2pix51_Taman_edgeon.h5,2221610,2026-05-01,ok,
compute_mismatch_I_td_cubes_3137272_17.out,I_td,mismatch,0:5:35.8,1,20,,,,0.27,,,,20,70,51,0,6,61,0,15,151,51,,Taman_edgeon,mismatch_z1_mcz20_I0p1-0p9_td20-70_Taman_edgeon/mismatch_cubes,mismatch_cubes_z1_mcz20_I0p27_td20-70x51_omega0-6x61_theta0-15x151_gamma0-2pix51_Taman_edgeon.h5,2218929,2026-05-01,ok,
compute_mismatch_I_td_cubes_3137272_18.out,I_td,mismatch,0:5:17.86,1,20,,,,0.28,,,,20,70,51,0,6,61,0,15,151,51,,Taman_edgeon,mismatch_z1_mcz20_I0p1-0p9_td20-70_Taman_edgeon/mismatch_cubes,mismatch_cubes_z1_mcz20_I0p28_td20-70x51_omega0-6x61_theta0-15x151_gamma0-2pix51_Taman_edgeon.h5,2215528,2026-05-01,ok,
compute_mismatch_I_td_cubes_3137272_19.out,I_td,mismatch,0:5:19.61,1,20,,,,0.29,,,,20,70,51,0,6,61,0,15,151,51,,Taman_edgeon,mismatch_z1_mcz20_I0p1-0p9_td20-70_Taman_edgeon/mismatch_cubes,mismatch_cubes_z1_mcz20_I0p29_td20-70x51_omega0-6x61_theta0-15x151_gamma0-2pix51_Taman_edgeon.h5,2212609,2026-05-01,ok,
compute_mismatch_I_td_cubes_3137272_20.out,I_td,mismatch,0:5:21.27,1,20,,,,0.3,,,,20,70,51,0,6,61,0,15,151,51,,Taman_edgeon,mismatch_z1_mcz20_I0p1-0p9_td20-70_Taman_edgeon/mismatch_cubes,mismatch_cubes_z1_mcz20_I0p3_td20-70x51_omega0-6x61_theta0-15x151_gamma0-2pix51_Taman_edgeon.h5,2209991,2026-05-01,ok,
compute_mismatch_I_td_cubes_3137272_21.out,I_td,mismatch,0:5:14.33,1,20,,,,0.31,,,,20,70,51,0,6,61,0,15,151,51,,Taman_edgeon,mismatch_z1_mcz20_I0p1-0p9_td20-70_Taman_edgeon/mismatch_cubes,mismatch_cubes_z1_mcz20_I0p31_td20-70x51_omega0-6x61_theta0-15x151_gamma0-2pix51_Taman_edgeon.h5,2207216,2026-05-01,ok,
compute_mismatch_I_td_cubes_3137272_22.out,I_td,mismatch,0:5:17.55,1,20,,,,0.32,,,,20,70,51,0,6,61,0,15,151,51,,Taman_edgeon,mismatch_z1_mcz20_I0p1-0p9_td20-70_Taman_edgeon/mismatch_cubes,mismatch_cubes_z1_mcz20_I0p32_td20-70x51_omega0-6x61_theta0-15x151_gamma0-2pix51_Taman_edgeon.h5,2205528,2026-05-01,ok,
compute_mismatch_I_td_cubes_3137272_23.out,I_td,mismatch,0:5:17.19,1,20,,,,0.33,,,,20,70,51,0,6,61,0,15,151,51,,Taman_edgeon,mismatch_z1_mcz20_I0p1-0p9_td20-70_Taman_edgeon/mismatch_cubes,mismatch_cubes_z1_mcz20_I0p33_td20-70x51_omega0-6x61_theta0-15x151_gamma0-2pix51_Taman_edgeon.h5,2204061,2026-05-01,ok,
compute_mismatch_I_td_cubes_3137272_24.out,I_td,mismatch,0:5:34.09,1,20,,,,0.34,,,,20,70,51,0,6,61,0,15,151,51,,Taman_edgeon,mismatch_z1_mcz20_I0p1-0p9_td20-70_Taman_edgeon/mismatch_cubes,mismatch_cubes_z1_mcz20_I0p34_td20-70x51_omega0-6x61_theta0-15x151_gamma0-2pix51_Taman_edgeon.h5,2200975,2026-05-01,ok,
compute_mismatch_I_td_cubes_3137272_25.out,I_td,mismatch,0:5:33.46,1,20,,,,0.35,,,,20,70,51,0,6,61,0,15,151,51,,Taman_edgeon,mismatch_z1_mcz20_I0p1-0p9_td20-70_Taman_edgeon/mismatch_cubes,mismatch_cubes_z1_mcz20_I0p35_td20-70x51_omega0-6x61_theta0-15x151_gamma0-2pix51_Taman_edgeon.h5,2198847,2026-05-01,ok,
compute_mismatch_I_td_cubes_3137272_26.out,I_td,mismatch,0:5:29.99,1,20,,,,0.36,,,,20,70,51,0,6,61,0,15,151,51,,Taman_edgeon,mismatch_z1_mcz20_I0p1-0p9_td20-70_Taman_edgeon/mismatch_cubes,mismatch_cubes_z1_mcz20_I0p36_td20-70x51_omega0-6x61_theta0-15x151_gamma0-2pix51_Taman_edgeon.h5,2196598,2026-05-01,ok,
compute_mismatch_I_td_cubes_3137272_27.out,I_td,mismatch,0:5:17.89,1,20,,,,0.37,,,,20,70,51,0,6,61,0,15,151,51,,Taman_edgeon,mismatch_z1_mcz20_I0p1-0p9_td20-70_Taman_edgeon/mismatch_cubes,mismatch_cubes_z1_mcz20_I0p37_td20-70x51_omega0-6x61_theta0-15x151_gamma0-2pix51_Taman_edgeon.h5,2194566,2026-05-01,ok,
compute_mismatch_I_td_cubes_3137272_28.out,I_td,mismatch,0:5:19.71,1,20,,,,0.38,,,,20,70,51,0,6,61,0,15,151,51,,Taman_edgeon,mismatch_z1_mcz20_I0p1-0p9_td20-70_Taman_edgeon/mismatch_cubes,mismatch_cubes_z1_mcz20_I0p38_td20-70x51_omega0-6x61_theta0-15x151_gamma0-2pix51_Taman_edgeon.h5,2193754,2026-05-01,ok,
compute_mismatch_I_td_cubes_3137272_29.out,I_td,mismatch,0:5:19.98,1,20,,,,0.39,,,,20,70,51,0,6,61,0,15,151,51,,Taman_edgeon,mismatch_z1_mcz20_I0p1-0p9_td20-70_Taman_edgeon/mismatch_cubes,mismatch_cubes_z1_mcz20_I0p39_td20-70x51_omega0-6x61_theta0-15x151_gamma0-2pix51_Taman_edgeon.h5,2191975,2026-05-01,ok,
compute_mismatch_I_td_cubes_3137272_30.out,I_td,mismatch,0:5:16.4,1,20,,,,0.4,,,,20,70,51,0,6,61,0,15,151,51,,Taman_edgeon,mismatch_z1_mcz20_I0p1-0p9_td20-70_Taman_edgeon/mismatch_cubes,mismatch_cubes_z1_mcz20_I0p4_td20-70x51_omega0-6x61_theta0-15x151_gamma0-2pix51_Taman_edgeon.h5,2190365,2026-05-01,ok,
compute_mismatch_I_td_cubes_3137272_31.out,I_td,mismatch,0:5:16.13,1,20,,,,0.41,,,,20,70,51,0,6,61,0,15,151,51,,Taman_edgeon,mismatch_z1_mcz20_I0p1-0p9_td20-70_Taman_edgeon/mismatch_cubes,mismatch_cubes_z1_mcz20_I0p41_td20-70x51_omega0-6x61_theta0-15x151_gamma0-2pix51_Taman_edgeon.h5,2189537,2026-05-01,ok,
compute_mismatch_I_td_cubes_3137272_32.out,I_td,mismatch,0:5:19.8,1,20,,,,0.42,,,,20,70,51,0,6,61,0,15,151,51,,Taman_edgeon,mismatch_z1_mcz20_I0p1-0p9_td20-70_Taman_edgeon/mismatch_cubes,mismatch_cubes_z1_mcz20_I0p42_td20-70x51_omega0-6x61_theta0-15x151_gamma0-2pix51_Taman_edgeon.h5,2188094,2026-05-01,ok,
compute_mismatch_I_td_cubes_3137272_33.out,I_td,mismatch,0:5:34.66,1,20,,,,0.43,,,,20,70,51,0,6,61,0,15,151,51,,Taman_edgeon,mismatch_z1_mcz20_I0p1-0p9_td20-70_Taman_edgeon/mismatch_cubes,mismatch_cubes_z1_mcz20_I0p43_td20-70x51_omega0-6x61_theta0-15x151_gamma0-2pix51_Taman_edgeon.h5,2185981,2026-05-01,ok,
compute_mismatch_I_td_cubes_3137272_34.out,I_td,mismatch,0:5:35.07,1,20,,,,0.44,,,,20,70,51,0,6,61,0,15,151,51,,Taman_edgeon,mismatch_z1_mcz20_I0p1-0p9_td20-70_Taman_edgeon/mismatch_cubes,mismatch_cubes_z1_mcz20_I0p44_td20-70x51_omega0-6x61_theta0-15x151_gamma0-2pix51_Taman_edgeon.h5,2184286,2026-05-01,ok,
compute_mismatch_I_td_cubes_3137272_35.out,I_td,mismatch,0:5:32.92,1,20,,,,0.45,,,,20,70,51,0,6,61,0,15,151,51,,Taman_edgeon,mismatch_z1_mcz20_I0p1-0p9_td20-70_Taman_edgeon/mismatch_cubes,mismatch_cubes_z1_mcz20_I0p45_td20-70x51_omega0-6x61_theta0-15x151_gamma0-2pix51_Taman_edgeon.h5,2183205,2026-05-01,ok,
compute_mismatch_I_td_cubes_3137272_36.out,I_td,mismatch,0:5:18.98,1,20,,,,0.46,,,,20,70,51,0,6,61,0,15,151,51,,Taman_edgeon,mismatch_z1_mcz20_I0p1-0p9_td20-70_Taman_edgeon/mismatch_cubes,mismatch_cubes_z1_mcz20_I0p46_td20-70x51_omega0-6x61_theta0-15x151_gamma0-2pix51_Taman_edgeon.h5,2181577,2026-05-01,ok,
compute_mismatch_I_td_cubes_3137272_37.out,I_td,mismatch,0:5:18.78,1,20,,,,0.47,,,,20,70,51,0,6,61,0,15,151,51,,Taman_edgeon,mismatch_z1_mcz20_I0p1-0p9_td20-70_Taman_edgeon/mismatch_cubes,mismatch_cubes_z1_mcz20_I0p47_td20-70x51_omega0-6x61_theta0-15x151_gamma0-2pix51_Taman_edgeon.h5,2179928,2026-05-01,ok,
compute_mismatch_I_td_cubes_3137272_38.out,I_td,mismatch,0:5:18.7,1,20,,,,0.48,,,,20,70,51,0,6,61,0,15,151,51,,Taman_edgeon,mismatch_z1_mcz20_I0p1-0p9_td20-70_Taman_edgeon/mismatch_cubes,mismatch_cubes_z1_mcz20_I0p48_td20-70x51_omega0-6x61_theta0-15x151_gamma0-2pix51_Taman_edgeon.h5,2178072,2026-05-01,ok,
compute_mismatch_I_td_cubes_3137272_39.out,I_td,mismatch,0:5:14.86,1,20,,,,0.49,,,,20,70,51,0,6,61,0,15,151,51,,Taman_edgeon,mismatch_z1_mcz20_I0p1-0p9_td20-70_Taman_edgeon/mismatch_cubes,mismatch_cubes_z1_mcz20_I0p49_td20-70x51_omega0-6x61_theta0-15x151_gamma0-2pix51_Taman_edgeon.h5,2176468,2026-05-01,ok,
compute_mismatch_I_td_cubes_3137272_40.out,I_td,mismatch,0:5:15.4,1,20,,,,0.5,,,,20,70,51,0,6,61,0,15,151,51,,Taman_edgeon,mismatch_z1_mcz20_I0p1-0p9_td20-70_Taman_edgeon/mismatch_cubes,mismatch_cubes_z1_mcz20_I0p5_td20-70x51_omega0-6x61_theta0-15x151_gamma0-2pix51_Taman_edgeon.h5,2175625,2026-05-01,ok,
compute_mismatch_I_td_cubes_3137272_41.out,I_td,mismatch,0:5:15.35,1,20,,,,0.51,,,,20,70,51,0,6,61,0,15,151,51,,Taman_edgeon,mismatch_z1_mcz20_I0p1-0p9_td20-70_Taman_edgeon/mismatch_cubes,mismatch_cubes_z1_mcz20_I0p51_td20-70x51_omega0-6x61_theta0-15x151_gamma0-2pix51_Taman_edgeon.h5,2174273,2026-05-01,ok,
compute_mismatch_I_td_cubes_3137272_42.out,I_td,mismatch,0:5:32.53,1,20,,,,0.52,,,,20,70,51,0,6,61,0,15,151,51,,Taman_edgeon,mismatch_z1_mcz20_I0p1-0p9_td20-70_Taman_edgeon/mismatch_cubes,mismatch_cubes_z1_mcz20_I0p52_td20-70x51_omega0-6x61_theta0-15x151_gamma0-2pix51_Taman_edgeon.h5,2173334,2026-05-01,ok,
compute_mismatch_I_td_cubes_3137272_43.out,I_td,mismatch,0:5:31.74,1,20,,,,0.53,,,,20,70,51,0,6,61,0,15,151,51,,Taman_edgeon,mismatch_z1_mcz20_I0p1-0p9_td20-70_Taman_edgeon/mismatch_cubes,mismatch_cubes_z1_mcz20_I0p53_td20-70x51_omega0-6x61_theta0-15x151_gamma0-2pix51_Taman_edgeon.h5,2172156,2026-05-01,ok,
compute_mismatch_I_td_cubes_3137272_44.out,I_td,mismatch,0:5:23.03,1,20,,,,0.54,,,,20,70,51,0,6,61,0,15,151,51,,Taman_edgeon,mismatch_z1_mcz20_I0p1-0p9_td20-70_Taman_edgeon/mismatch_cubes,mismatch_cubes_z1_mcz20_I0p54_td20-70x51_omega0-6x61_theta0-15x151_gamma0-2pix51_Taman_edgeon.h5,2170974,2026-05-01,ok,
compute_mismatch_I_td_cubes_3137272_45.out,I_td,mismatch,0:5:21.19,1,20,,,,0.55,,,,20,70,51,0,6,61,0,15,151,51,,Taman_edgeon,mismatch_z1_mcz20_I0p1-0p9_td20-70_Taman_edgeon/mismatch_cubes,mismatch_cubes_z1_mcz20_I0p55_td20-70x51_omega0-6x61_theta0-15x151_gamma0-2pix51_Taman_edgeon.h5,2170365,2026-05-01,ok,
compute_mismatch_I_td_cubes_3137272_46.out,I_td,mismatch,0:5:21.37,1,20,,,,0.56,,,,20,70,51,0,6,61,0,15,151,51,,Taman_edgeon,mismatch_z1_mcz20_I0p1-0p9_td20-70_Taman_edgeon/mismatch_cubes,mismatch_cubes_z1_mcz20_I0p56_td20-70x51_omega0-6x61_theta0-15x151_gamma0-2pix51_Taman_edgeon.h5,2169680,2026-05-01,ok,
compute_mismatch_I_td_cubes_3137272_47.out,I_td,mismatch,0:5:32.51,1,20,,,,0.57,,,,20,70,51,0,6,61,0,15,151,51,,Taman_edgeon,mismatch_z1_mcz20_I0p1-0p9_td20-70_Taman_edgeon/mismatch_cubes,mismatch_cubes_z1_mcz20_I0p57_td20-70x51_omega0-6x61_theta0-15x151_gamma0-2pix51_Taman_edgeon.h5,2168613,2026-05-01,ok,
compute_mismatch_I_td_cubes_3137272_48.out,I_td,mismatch,0:5:17.46,1,20,,,,0.58,,,,20,70,51,0,6,61,0,15,151,51,,Taman_edgeon,mismatch_z1_mcz20_I0p1-0p9_td20-70_Taman_edgeon/mismatch_cubes,mismatch_cubes_z1_mcz20_I0p58_td20-70x51_omega0-6x61_theta0-15x151_gamma0-2pix51_Taman_edgeon.h5,2168785,2026-05-01,ok,
compute_mismatch_I_td_cubes_3137272_49.out,I_td,mismatch,0:5:22.21,1,20,,,,0.59,,,,20,70,51,0,6,61,0,15,151,51,,Taman_edgeon,mismatch_z1_mcz20_I0p1-0p9_td20-70_Taman_edgeon/mismatch_cubes,mismatch_cubes_z1_mcz20_I0p59_td20-70x51_omega0-6x61_theta0-15x151_gamma0-2pix51_Taman_edgeon.h5,2167875,2026-05-01,ok,
compute_mismatch_I_td_cubes_3137272_50.out,I_td,mismatch,0:5:31.45,1,20,,,,0.6,,,,20,70,51,0,6,61,0,15,151,51,,Taman_edgeon,mismatch_z1_mcz20_I0p1-0p9_td20-70_Taman_edgeon/mismatch_cubes,mismatch_cubes_z1_mcz20_I0p6_td20-70x51_omega0-6x61_theta0-15x151_gamma0-2pix51_Taman_edgeon.h5,2167284,2026-05-01,ok,
compute_mismatch_I_td_cubes_3137272_51.out,I_td,mismatch,0:5:20.2,1,20,,,,0.61,,,,20,70,51,0,6,61,0,15,151,51,,Taman_edgeon,mismatch_z1_mcz20_I0p1-0p9_td20-70_Taman_edgeon/mismatch_cubes,mismatch_cubes_z1_mcz20_I0p61_td20-70x51_omega0-6x61_theta0-15x151_gamma0-2pix51_Taman_edgeon.h5,2166634,2026-05-01,ok,
compute_mismatch_I_td_cubes_3137272_52.out,I_td,mismatch,0:5:33.0,1,20,,,,0.62,,,,20,70,51,0,6,61,0,15,151,51,,Taman_edgeon,mismatch_z1_mcz20_I0p1-0p9_td20-70_Taman_edgeon/mismatch_cubes,mismatch_cubes_z1_mcz20_I0p62_td20-70x51_omega0-6x61_theta0-15x151_gamma0-2pix51_Taman_edgeon.h5,2166137,2026-05-01,ok,
compute_mismatch_I_td_cubes_3137272_53.out,I_td,mismatch,0:5:24.75,1,20,,,,0.63,,,,20,70,51,0,6,61,0,15,151,51,,Taman_edgeon,mismatch_z1_mcz20_I0p1-0p9_td20-70_Taman_edgeon/mismatch_cubes,mismatch_cubes_z1_mcz20_I0p63_td20-70x51_omega0-6x61_theta0-15x151_gamma0-2pix51_Taman_edgeon.h5,2165423,2026-05-01,ok,
compute_mismatch_I_td_cubes_3137272_54.out,I_td,mismatch,0:5:32.51,1,20,,,,0.64,,,,20,70,51,0,6,61,0,15,151,51,,Taman_edgeon,mismatch_z1_mcz20_I0p1-0p9_td20-70_Taman_edgeon/mismatch_cubes,mismatch_cubes_z1_mcz20_I0p64_td20-70x51_omega0-6x61_theta0-15x151_gamma0-2pix51_Taman_edgeon.h5,2164748,2026-05-01,ok,
compute_mismatch_I_td_cubes_3137272_55.out,I_td,mismatch,0:5:33.37,1,20,,,,0.65,,,,20,70,51,0,6,61,0,15,151,51,,Taman_edgeon,mismatch_z1_mcz20_I0p1-0p9_td20-70_Taman_edgeon/mismatch_cubes,mismatch_cubes_z1_mcz20_I0p65_td20-70x51_omega0-6x61_theta0-15x151_gamma0-2pix51_Taman_edgeon.h5,2163959,2026-05-01,ok,
compute_mismatch_I_td_cubes_3137272_56.out,I_td,mismatch,0:5:22.27,1,20,,,,0.66,,,,20,70,51,0,6,61,0,15,151,51,,Taman_edgeon,mismatch_z1_mcz20_I0p1-0p9_td20-70_Taman_edgeon/mismatch_cubes,mismatch_cubes_z1_mcz20_I0p66_td20-70x51_omega0-6x61_theta0-15x151_gamma0-2pix51_Taman_edgeon.h5,2163058,2026-05-01,ok,
compute_mismatch_I_td_cubes_3137272_57.out,I_td,mismatch,0:5:33.85,1,20,,,,0.67,,,,20,70,51,0,6,61,0,15,151,51,,Taman_edgeon,mismatch_z1_mcz20_I0p1-0p9_td20-70_Taman_edgeon/mismatch_cubes,mismatch_cubes_z1_mcz20_I0p67_td20-70x51_omega0-6x61_theta0-15x151_gamma0-2pix51_Taman_edgeon.h5,2163169,2026-05-01,ok,
compute_mismatch_I_td_cubes_3137272_58.out,I_td,mismatch,0:5:21.34,1,20,,,,0.68,,,,20,70,51,0,6,61,0,15,151,51,,Taman_edgeon,mismatch_z1_mcz20_I0p1-0p9_td20-70_Taman_edgeon/mismatch_cubes,mismatch_cubes_z1_mcz20_I0p68_td20-70x51_omega0-6x61_theta0-15x151_gamma0-2pix51_Taman_edgeon.h5,2161200,2026-05-01,ok,
compute_mismatch_I_td_cubes_3137272_59.out,I_td,mismatch,0:5:32.35,1,20,,,,0.69,,,,20,70,51,0,6,61,0,15,151,51,,Taman_edgeon,mismatch_z1_mcz20_I0p1-0p9_td20-70_Taman_edgeon/mismatch_cubes,mismatch_cubes_z1_mcz20_I0p69_td20-70x51_omega0-6x61_theta0-15x151_gamma0-2pix51_Taman_edgeon.h5,2160181,2026-05-01,ok,
compute_mismatch_I_td_cubes_3137272_60.out,I_td,mismatch,0:5:22.27,1,20,,,,0.7,,,,20,70,51,0,6,61,0,15,151,51,,Taman_edgeon,mismatch_z1_mcz20_I0p1-0p9_td20-70_Taman_edgeon/mismatch_cubes,mismatch_cubes_z1_mcz20_I0p7_td20-70x51_omega0-6x61_theta0-15x151_gamma0-2pix51_Taman_edgeon.h5,2159745,2026-05-01,ok,
compute_mismatch_I_td_cubes_3137272_61.out,I_td,mismatch,0:5:17.69,1,20,,,,0.71,,,,20,70,51,0,6,61,0,15,151,51,,Taman_edgeon,mismatch_z1_mcz20_I0p1-0p9_td20-70_Taman_edgeon/mismatch_cubes,mismatch_cubes_z1_mcz20_I0p71_td20-70x51_omega0-6x61_theta0-15x151_gamma0-2pix51_Taman_edgeon.h5,2158313,2026-05-01,ok,
compute_mismatch_I_td_cubes_3137272_62.out,I_td,mismatch,0:5:20.44,1,20,,,,0.72,,,,20,70,51,0,6,61,0,15,151,51,,Taman_edgeon,mismatch_z1_mcz20_I0p1-0p9_td20-70_Taman_edgeon/mismatch_cubes,mismatch_cubes_z1_mcz20_I0p72_td20-70x51_omega0-6x61_theta0-15x151_gamma0-2pix51_Taman_edgeon.h5,2158271,2026-05-01,ok,
compute_mismatch_I_td_cubes_3137272_63.out,I_td,mismatch,0:5:28.89,1,20,,,,0.73,,,,20,70,51,0,6,61,0,15,151,51,,Taman_edgeon,mismatch_z1_mcz20_I0p1-0p9_td20-70_Taman_edgeon/mismatch_cubes,mismatch_cubes_z1_mcz20_I0p73_td20-70x51_omega0-6x61_theta0-15x151_gamma0-2pix51_Taman_edgeon.h5,2157841,2026-05-01,ok,
compute_mismatch_I_td_cubes_3137272_64.out,I_td,mismatch,0:5:22.1,1,20,,,,0.74,,,,20,70,51,0,6,61,0,15,151,51,,Taman_edgeon,mismatch_z1_mcz20_I0p1-0p9_td20-70_Taman_edgeon/mismatch_cubes,mismatch_cubes_z1_mcz20_I0p74_td20-70x51_omega0-6x61_theta0-15x151_gamma0-2pix51_Taman_edgeon.h5,2157353,2026-05-01,ok,
compute_mismatch_I_td_cubes_3137272_65.out,I_td,mismatch,0:5:34.57,1,20,,,,0.75,,,,20,70,51,0,6,61,0,15,151,51,,Taman_edgeon,mismatch_z1_mcz20_I0p1-0p9_td20-70_Taman_edgeon/mismatch_cubes,mismatch_cubes_z1_mcz20_I0p75_td20-70x51_omega0-6x61_theta0-15x151_gamma0-2pix51_Taman_edgeon.h5,2156584,2026-05-01,ok,
compute_mismatch_I_td_cubes_3137272_66.out,I_td,mismatch,0:5:22.52,1,20,,,,0.76,,,,20,70,51,0,6,61,0,15,151,51,,Taman_edgeon,mismatch_z1_mcz20_I0p1-0p9_td20-70_Taman_edgeon/mismatch_cubes,mismatch_cubes_z1_mcz20_I0p76_td20-70x51_omega0-6x61_theta0-15x151_gamma0-2pix51_Taman_edgeon.h5,2155720,2026-05-01,ok,
compute_mismatch_I_td_cubes_3137272_67.out,I_td,mismatch,0:5:23.37,1,20,,,,0.77,,,,20,70,51,0,6,61,0,15,151,51,,Taman_edgeon,mismatch_z1_mcz20_I0p1-0p9_td20-70_Taman_edgeon/mismatch_cubes,mismatch_cubes_z1_mcz20_I0p77_td20-70x51_omega0-6x61_theta0-15x151_gamma0-2pix51_Taman_edgeon.h5,2155278,2026-05-01,ok,
compute_mismatch_I_td_cubes_3137272_68.out,I_td,mismatch,0:5:17.69,1,20,,,,0.78,,,,20,70,51,0,6,61,0,15,151,51,,Taman_edgeon,mismatch_z1_mcz20_I0p1-0p9_td20-70_Taman_edgeon/mismatch_cubes,mismatch_cubes_z1_mcz20_I0p78_td20-70x51_omega0-6x61_theta0-15x151_gamma0-2pix51_Taman_edgeon.h5,2154665,2026-05-01,ok,
compute_mismatch_I_td_cubes_3137272_69.out,I_td,mismatch,0:5:20.84,1,20,,,,0.79,,,,20,70,51,0,6,61,0,15,151,51,,Taman_edgeon,mismatch_z1_mcz20_I0p1-0p9_td20-70_Taman_edgeon/mismatch_cubes,mismatch_cubes_z1_mcz20_I0p79_td20-70x51_omega0-6x61_theta0-15x151_gamma0-2pix51_Taman_edgeon.h5,2153716,2026-05-01,ok,
compute_mismatch_I_td_cubes_3137272_70.out,I_td,mismatch,0:5:23.08,1,20,,,,0.8,,,,20,70,51,0,6,61,0,15,151,51,,Taman_edgeon,mismatch_z1_mcz20_I0p1-0p9_td20-70_Taman_edgeon/mismatch_cubes,mismatch_cubes_z1_mcz20_I0p8_td20-70x51_omega0-6x61_theta0-15x151_gamma0-2pix51_Taman_edgeon.h5,2153914,2026-05-01,ok,
compute_mismatch_I_td_cubes_3137272_71.out,I_td,mismatch,0:5:31.04,1,20,,,,0.81,,,,20,70,51,0,6,61,0,15,151,51,,Taman_edgeon,mismatch_z1_mcz20_I0p1-0p9_td20-70_Taman_edgeon/mismatch_cubes,mismatch_cubes_z1_mcz20_I0p81_td20-70x51_omega0-6x61_theta0-15x151_gamma0-2pix51_Taman_edgeon.h5,2153362,2026-05-01,ok,
compute_mismatch_I_td_cubes_3137272_72.out,I_td,mismatch,0:5:19.67,1,20,,,,0.82,,,,20,70,51,0,6,61,0,15,151,51,,Taman_edgeon,mismatch_z1_mcz20_I0p1-0p9_td20-70_Taman_edgeon/mismatch_cubes,mismatch_cubes_z1_mcz20_I0p82_td20-70x51_omega0-6x61_theta0-15x151_gamma0-2pix51_Taman_edgeon.h5,2152524,2026-05-01,ok,
compute_mismatch_I_td_cubes_3137272_73.out,I_td,mismatch,0:5:25.15,1,20,,,,0.83,,,,20,70,51,0,6,61,0,15,151,51,,Taman_edgeon,mismatch_z1_mcz20_I0p1-0p9_td20-70_Taman_edgeon/mismatch_cubes,mismatch_cubes_z1_mcz20_I0p83_td20-70x51_omega0-6x61_theta0-15x151_gamma0-2pix51_Taman_edgeon.h5,2153044,2026-05-01,ok,
compute_mismatch_I_td_cubes_3137272_74.out,I_td,mismatch,0:5:33.78,1,20,,,,0.84,,,,20,70,51,0,6,61,0,15,151,51,,Taman_edgeon,mismatch_z1_mcz20_I0p1-0p9_td20-70_Taman_edgeon/mismatch_cubes,mismatch_cubes_z1_mcz20_I0p84_td20-70x51_omega0-6x61_theta0-15x151_gamma0-2pix51_Taman_edgeon.h5,2152736,2026-05-01,ok,
compute_mismatch_I_td_cubes_3137272_75.out,I_td,mismatch,0:5:20.39,1,20,,,,0.85,,,,20,70,51,0,6,61,0,15,151,51,,Taman_edgeon,mismatch_z1_mcz20_I0p1-0p9_td20-70_Taman_edgeon/mismatch_cubes,mismatch_cubes_z1_mcz20_I0p85_td20-70x51_omega0-6x61_theta0-15x151_gamma0-2pix51_Taman_edgeon.h5,2152944,2026-05-01,ok,
compute_mismatch_I_td_cubes_3137272_76.out,I_td,mismatch,0:5:30.28,1,20,,,,0.86,,,,20,70,51,0,6,61,0,15,151,51,,Taman_edgeon,mismatch_z1_mcz20_I0p1-0p9_td20-70_Taman_edgeon/mismatch_cubes,mismatch_cubes_z1_mcz20_I0p86_td20-70x51_omega0-6x61_theta0-15x151_gamma0-2pix51_Taman_edgeon.h5,2152304,2026-05-01,ok,
compute_mismatch_I_td_cubes_3137272_77.out,I_td,mismatch,0:5:20.08,1,20,,,,0.87,,,,20,70,51,0,6,61,0,15,151,51,,Taman_edgeon,mismatch_z1_mcz20_I0p1-0p9_td20-70_Taman_edgeon/mismatch_cubes,mismatch_cubes_z1_mcz20_I0p87_td20-70x51_omega0-6x61_theta0-15x151_gamma0-2pix51_Taman_edgeon.h5,2152433,2026-05-01,ok,
compute_mismatch_I_td_cubes_3137272_78.out,I_td,mismatch,0:5:23.2,1,20,,,,0.88,,,,20,70,51,0,6,61,0,15,151,51,,Taman_edgeon,mismatch_z1_mcz20_I0p1-0p9_td20-70_Taman_edgeon/mismatch_cubes,mismatch_cubes_z1_mcz20_I0p88_td20-70x51_omega0-6x61_theta0-15x151_gamma0-2pix51_Taman_edgeon.h5,2152914,2026-05-01,ok,
compute_mismatch_I_td_cubes_3137272_79.out,I_td,mismatch,0:5:19.69,1,20,,,,0.89,,,,20,70,51,0,6,61,0,15,151,51,,Taman_edgeon,mismatch_z1_mcz20_I0p1-0p9_td20-70_Taman_edgeon/mismatch_cubes,mismatch_cubes_z1_mcz20_I0p89_td20-70x51_omega0-6x61_theta0-15x151_gamma0-2pix51_Taman_edgeon.h5,2153435,2026-05-01,ok,
compute_mismatch_I_td_cubes_3137272_80.out,I_td,mismatch,0:5:21.11,1,20,,,,0.9,,,,20,70,51,0,6,61,0,15,151,51,,Taman_edgeon,mismatch_z1_mcz20_I0p1-0p9_td20-70_Taman_edgeon/mismatch_cubes,mismatch_cubes_z1_mcz20_I0p9_td20-70x51_omega0-6x61_theta0-15x151_gamma0-2pix51_Taman_edgeon.h5,2152687,2026-05-01,ok,
compute_mismatch_I_td_cubes_test_3133164_0.out,I_td,mismatch,1:55:33.07,1,25,,,,,0.1,0.29,20,20,70,51,0,6,61,0,15,151,51,,Taman_edgeon,mismatch_z1_mcz25_I0p1-0p9_td20-70_Taman_edgeon/mismatch_cubes,,45428568,2026-04-29,ok,
compute_mismatch_I_td_cubes_test_3133865_0.out,I_td,mismatch,1:53:47.29,1,25,,,,,0.3,0.49,20,20,70,51,0,6,61,0,15,151,51,,Taman_edgeon,mismatch_z1_mcz25_I0p1-0p9_td20-70_Taman_edgeon/mismatch_cubes,,44632336,2026-04-29,ok,
compute_mismatch_I_td_cubes_test_3134555_0.out,I_td,mismatch,0:6:3.21,1,25,,,,0.5,,,,20,70,51,0,6,61,0,15,151,51,,Taman_edgeon,mismatch_z1_mcz25_I0p1-0p9_td20-70_Taman_edgeon/mismatch_cubes,mismatch_cubes_z1_mcz25_I0p5_td20-70x51_omega0-6x61_theta0-15x151_gamma0-2pix51_Taman_edgeon.h5,2214209,2026-04-29,ok,
compute_mismatch_I_td_cubes_test_3134555_1.out,I_td,mismatch,0:5:56.23,1,25,,,,0.51,,,,20,70,51,0,6,61,0,15,151,51,,Taman_edgeon,mismatch_z1_mcz25_I0p1-0p9_td20-70_Taman_edgeon/mismatch_cubes,mismatch_cubes_z1_mcz25_I0p51_td20-70x51_omega0-6x61_theta0-15x151_gamma0-2pix51_Taman_edgeon.h5,2213331,2026-04-29,ok,
compute_mismatch_I_td_cubes_test_3134555_2.out,I_td,mismatch,0:5:50.82,1,25,,,,0.52,,,,20,70,51,0,6,61,0,15,151,51,,Taman_edgeon,mismatch_z1_mcz25_I0p1-0p9_td20-70_Taman_edgeon/mismatch_cubes,mismatch_cubes_z1_mcz25_I0p52_td20-70x51_omega0-6x61_theta0-15x151_gamma0-2pix51_Taman_edgeon.h5,2211944,2026-04-29,ok,
compute_mismatch_I_td_cubes_test_3134555_3.out,I_td,mismatch,0:5:43.79,1,25,,,,0.53,,,,20,70,51,0,6,61,0,15,151,51,,Taman_edgeon,mismatch_z1_mcz25_I0p1-0p9_td20-70_Taman_edgeon/mismatch_cubes,mismatch_cubes_z1_mcz25_I0p53_td20-70x51_omega0-6x61_theta0-15x151_gamma0-2pix51_Taman_edgeon.h5,2211234,2026-04-29,ok,
compute_mismatch_I_td_cubes_test_3134555_4.out,I_td,mismatch,0:5:49.54,1,25,,,,0.54,,,,20,70,51,0,6,61,0,15,151,51,,Taman_edgeon,mismatch_z1_mcz25_I0p1-0p9_td20-70_Taman_edgeon/mismatch_cubes,mismatch_cubes_z1_mcz25_I0p54_td20-70x51_omega0-6x61_theta0-15x151_gamma0-2pix51_Taman_edgeon.h5,2210039,2026-04-29,ok,
compute_mismatch_I_td_cubes_test_3134555_5.out,I_td,mismatch,0:5:43.86,1,25,,,,0.55,,,,20,70,51,0,6,61,0,15,151,51,,Taman_edgeon,mismatch_z1_mcz25_I0p1-0p9_td20-70_Taman_edgeon/mismatch_cubes,mismatch_cubes_z1_mcz25_I0p55_td20-70x51_omega0-6x61_theta0-15x151_gamma0-2pix51_Taman_edgeon.h5,2209638,2026-04-29,ok,
compute_mismatch_I_td_cubes_test_3134555_6.out,I_td,mismatch,0:5:44.0,1,25,,,,0.56,,,,20,70,51,0,6,61,0,15,151,51,,Taman_edgeon,mismatch_z1_mcz25_I0p1-0p9_td20-70_Taman_edgeon/mismatch_cubes,mismatch_cubes_z1_mcz25_I0p56_td20-70x51_omega0-6x61_theta0-15x151_gamma0-2pix51_Taman_edgeon.h5,2207495,2026-04-29,ok,
compute_mismatch_I_td_cubes_test_3134555_7.out,I_td,mismatch,0:5:42.92,1,25,,,,0.57,,,,20,70,51,0,6,61,0,15,151,51,,Taman_edgeon,mismatch_z1_mcz25_I0p1-0p9_td20-70_Taman_edgeon/mismatch_cubes,mismatch_cubes_z1_mcz25_I0p57_td20-70x51_omega0-6x61_theta0-15x151_gamma0-2pix51_Taman_edgeon.h5,2206983,2026-04-29,ok,
compute_mismatch_I_td_cubes_test_3134555_8.out,I_td,mismatch,0:5:42.07,1,25,,,,0.58,,,,20,70,51,0,6,61,0,15,151,51,,Taman_edgeon,mismatch_z1_mcz25_I0p1-0p9_td20-70_Taman_edgeon/mismatch_cubes,mismatch_cubes_z1_mcz25_I0p58_td20-70x51_omega0-6x61_theta0-15x151_gamma0-2pix51_Taman_edgeon.h5,2206253,2026-04-29,ok,
compute_mismatch_I_td_cubes_test_3134555_9.out,I_td,mismatch,0:5:51.09,1,25,,,,0.59,,,,20,70,51,0,6,61,0,15,151,51,,Taman_edgeon,mismatch_z1_mcz25_I0p1-0p9_td20-70_Taman_edgeon/mismatch_cubes,mismatch_cubes_z1_mcz25_I0p59_td20-70x51_omega0-6x61_theta0-15x151_gamma0-2pix51_Taman_edgeon.h5,2205236,2026-04-29,ok,
compute_mismatch_I_td_cubes_test_3134555_10.out,I_td,mismatch,0:5:47.0,1,25,,,,0.6,,,,20,70,51,0,6,61,0,15,151,51,,Taman_edgeon,mismatch_z1_mcz25_I0p1-0p9_td20-70_Taman_edgeon/mismatch_cubes,mismatch_cubes_z1_mcz25_I0p6_td20-70x51_omega0-6x61_theta0-15x151_gamma0-2pix51_Taman_edgeon.h5,2204702,2026-04-29,ok,
compute_mismatch_I_td_cubes_test_3134555_11.out,I_td,mismatch,0:5:44.89,1,25,,,,0.61,,,,20,70,51,0,6,61,0,15,151,51,,Taman_edgeon,mismatch_z1_mcz25_I0p1-0p9_td20-70_Taman_edgeon/mismatch_cubes,mismatch_cubes_z1_mcz25_I0p61_td20-70x51_omega0-6x61_theta0-15x151_gamma0-2pix51_Taman_edgeon.h5,2203737,2026-04-29,ok,
compute_mismatch_I_td_cubes_test_3134555_12.out,I_td,mismatch,0:5:49.9,1,25,,,,0.62,,,,20,70,51,0,6,61,0,15,151,51,,Taman_edgeon,mismatch_z1_mcz25_I0p1-0p9_td20-70_Taman_edgeon/mismatch_cubes,mismatch_cubes_z1_mcz25_I0p62_td20-70x51_omega0-6x61_theta0-15x151_gamma0-2pix51_Taman_edgeon.h5,2202335,2026-04-29,ok,
compute_mismatch_I_td_cubes_test_3134555_13.out,I_td,mismatch,0:5:47.06,1,25,,,,0.63,,,,20,70,51,0,6,61,0,15,151,51,,Taman_edgeon,mismatch_z1_mcz25_I0p1-0p9_td20-70_Taman_edgeon/mismatch_cubes,mismatch_cubes_z1_mcz25_I0p63_td20-70x51_omega0-6x61_theta0-15x151_gamma0-2pix51_Taman_edgeon.h5,2201326,2026-04-29,ok,
compute_mismatch_I_td_cubes_test_3134555_14.out,I_td,mismatch,0:5:47.41,1,25,,,,0.64,,,,20,70,51,0,6,61,0,15,151,51,,Taman_edgeon,mismatch_z1_mcz25_I0p1-0p9_td20-70_Taman_edgeon/mismatch_cubes,mismatch_cubes_z1_mcz25_I0p64_td20-70x51_omega0-6x61_theta0-15x151_gamma0-2pix51_Taman_edgeon.h5,2200523,2026-04-29,ok,
compute_mismatch_I_td_cubes_test_3134555_15.out,I_td,mismatch,0:5:46.21,1,25,,,,0.65,,,,20,70,51,0,6,61,0,15,151,51,,Taman_edgeon,mismatch_z1_mcz25_I0p1-0p9_td20-70_Taman_edgeon/mismatch_cubes,mismatch_cubes_z1_mcz25_I0p65_td20-70x51_omega0-6x61_theta0-15x151_gamma0-2pix51_Taman_edgeon.h5,2199502,2026-04-29,ok,
compute_mismatch_I_td_cubes_test_3134555_16.out,I_td,mismatch,0:5:45.52,1,25,,,,0.66,,,,20,70,51,0,6,61,0,15,151,51,,Taman_edgeon,mismatch_z1_mcz25_I0p1-0p9_td20-70_Taman_edgeon/mismatch_cubes,mismatch_cubes_z1_mcz25_I0p66_td20-70x51_omega0-6x61_theta0-15x151_gamma0-2pix51_Taman_edgeon.h5,2198930,2026-04-29,ok,
compute_mismatch_I_td_cubes_test_3134555_17.out,I_td,mismatch,0:5:59.38,1,25,,,,0.67,,,,20,70,51,0,6,61,0,15,151,51,,Taman_edgeon,mismatch_z1_mcz25_I0p1-0p9_td20-70_Taman_edgeon/mismatch_cubes,mismatch_cubes_z1_mcz25_I0p67_td20-70x51_omega0-6x61_theta0-15x151_gamma0-2pix51_Taman_edgeon.h5,2198258,2026-04-29,ok,
compute_mismatch_I_td_cubes_test_3134555_18.out,I_td,mismatch,0:5:46.93,1,25,,,,0.68,,,,20,70,51,0,6,61,0,15,151,51,,Taman_edgeon,mismatch_z1_mcz25_I0p1-0p9_td20-70_Taman_edgeon/mismatch_cubes,mismatch_cubes_z1_mcz25_I0p68_td20-70x51_omega0-6x61_theta0-15x151_gamma0-2pix51_Taman_edgeon.h5,2196987,2026-04-29,ok,
compute_mismatch_I_td_cubes_test_3134555_19.out,I_td,mismatch,0:5:47.47,1,25,,,,0.69,,,,20,70,51,0,6,61,0,15,151,51,,Taman_edgeon,mismatch_z1_mcz25_I0p1-0p9_td20-70_Taman_edgeon/mismatch_cubes,mismatch_cubes_z1_mcz25_I0p69_td20-70x51_omega0-6x61_theta0-15x151_gamma0-2pix51_Taman_edgeon.h5,2196402,2026-04-29,ok,
compute_mismatch_I_td_cubes_test_3134555_20.out,I_td,mismatch,0:5:29.12,1,25,,,,0.7,,,,20,70,51,0,6,61,0,15,151,51,,Taman_edgeon,mismatch_z1_mcz25_I0p1-0p9_td20-70_Taman_edgeon/mismatch_cubes,mismatch_cubes_z1_mcz25_I0p7_td20-70x51_omega0-6x61_theta0-15x151_gamma0-2pix51_Taman_edgeon.h5,2196328,2026-04-29,ok,
compute_mismatch_I_td_cubes_test_3134555_21.out,I_td,mismatch,0:5:36.0,1,25,,,,0.71,,,,20,70,51,0,6,61,0,15,151,51,,Taman_edgeon,mismatch_z1_mcz25_I0p1-0p9_td20-70_Taman_edgeon/mismatch_cubes,mismatch_cubes_z1_mcz25_I0p71_td20-70x51_omega0-6x61_theta0-15x151_gamma0-2pix51_Taman_edgeon.h5,2195497,2026-04-29,ok,
compute_mismatch_I_td_cubes_test_3134555_22.out,I_td,mismatch,0:5:29.76,1,25,,,,0.72,,,,20,70,51,0,6,61,0,15,151,51,,Taman_edgeon,mismatch_z1_mcz25_I0p1-0p9_td20-70_Taman_edgeon/mismatch_cubes,mismatch_cubes_z1_mcz25_I0p72_td20-70x51_omega0-6x61_theta0-15x151_gamma0-2pix51_Taman_edgeon.h5,2194586,2026-04-29,ok,
compute_mismatch_I_td_cubes_test_3134555_23.out,I_td,mismatch,0:5:26.65,1,25,,,,0.73,,,,20,70,51,0,6,61,0,15,151,51,,Taman_edgeon,mismatch_z1_mcz25_I0p1-0p9_td20-70_Taman_edgeon/mismatch_cubes,mismatch_cubes_z1_mcz25_I0p73_td20-70x51_omega0-6x61_theta0-15x151_gamma0-2pix51_Taman_edgeon.h5,2193665,2026-04-29,ok,
compute_mismatch_I_td_cubes_test_3134555_24.out,I_td,mismatch,0:5:26.93,1,25,,,,0.74,,,,20,70,51,0,6,61,0,15,151,51,,Taman_edgeon,mismatch_z1_mcz25_I0p1-0p9_td20-70_Taman_edgeon/mismatch_cubes,mismatch_cubes_z1_mcz25_I0p74_td20-70x51_omega0-6x61_theta0-15x151_gamma0-2pix51_Taman_edgeon.h5,2193501,2026-04-29,ok,
compute_mismatch_I_td_cubes_test_3134555_25.out,I_td,mismatch,0:5:23.73,1,25,,,,0.75,,,,20,70,51,0,6,61,0,15,151,51,,Taman_edgeon,mismatch_z1_mcz25_I0p1-0p9_td20-70_Taman_edgeon/mismatch_cubes,mismatch_cubes_z1_mcz25_I0p75_td20-70x51_omega0-6x61_theta0-15x151_gamma0-2pix51_Taman_edgeon.h5,2193687,2026-04-29,ok,
compute_mismatch_I_td_cubes_test_3134555_26.out,I_td,mismatch,0:5:27.88,1,25,,,,0.76,,,,20,70,51,0,6,61,0,15,151,51,,Taman_edgeon,mismatch_z1_mcz25_I0p1-0p9_td20-70_Taman_edgeon/mismatch_cubes,mismatch_cubes_z1_mcz25_I0p76_td20-70x51_omega0-6x61_theta0-15x151_gamma0-2pix51_Taman_edgeon.h5,2193069,2026-04-29,ok,
compute_mismatch_I_td_cubes_test_3134555_27.out,I_td,mismatch,0:5:22.86,1,25,,,,0.77,,,,20,70,51,0,6,61,0,15,151,51,,Taman_edgeon,mismatch_z1_mcz25_I0p1-0p9_td20-70_Taman_edgeon/mismatch_cubes,mismatch_cubes_z1_mcz25_I0p77_td20-70x51_omega0-6x61_theta0-15x151_gamma0-2pix51_Taman_edgeon.h5,2193089,2026-04-29,ok,
compute_mismatch_I_td_cubes_test_3134555_28.out,I_td,mismatch,0:5:22.2,1,25,,,,0.78,,,,20,70,51,0,6,61,0,15,151,51,,Taman_edgeon,mismatch_z1_mcz25_I0p1-0p9_td20-70_Taman_edgeon/mismatch_cubes,mismatch_cubes_z1_mcz25_I0p78_td20-70x51_omega0-6x61_theta0-15x151_gamma0-2pix51_Taman_edgeon.h5,2192273,2026-04-29,ok,
compute_mismatch_I_td_cubes_test_3134555_29.out,I_td,mismatch,0:5:24.0,1,25,,,,0.79,,,,20,70,51,0,6,61,0,15,151,51,,Taman_edgeon,mismatch_z1_mcz25_I0p1-0p9_td20-70_Taman_edgeon/mismatch_cubes,mismatch_cubes_z1_mcz25_I0p79_td20-70x51_omega0-6x61_theta0-15x151_gamma0-2pix51_Taman_edgeon.h5,2191988,2026-04-29,ok,
compute_mismatch_I_td_cubes_test_3134555_30.out,I_td,mismatch,0:5:21.13,1,25,,,,0.8,,,,20,70,51,0,6,61,0,15,151,51,,Taman_edgeon,mismatch_z1_mcz25_I0p1-0p9_td20-70_Taman_edgeon/mismatch_cubes,mismatch_cubes_z1_mcz25_I0p8_td20-70x51_omega0-6x61_theta0-15x151_gamma0-2pix51_Taman_edgeon.h5,2191710,2026-04-29,ok,
compute_mismatch_I_td_cubes_test_3134555_31.out,I_td,mismatch,0:5:25.62,1,25,,,,0.81,,,,20,70,51,0,6,61,0,15,151,51,,Taman_edgeon,mismatch_z1_mcz25_I0p1-0p9_td20-70_Taman_edgeon/mismatch_cubes,mismatch_cubes_z1_mcz25_I0p81_td20-70x51_omega0-6x61_theta0-15x151_gamma0-2pix51_Taman_edgeon.h5,2191048,2026-04-29,ok,
compute_mismatch_I_td_cubes_test_3134555_32.out,I_td,mismatch,0:5:34.27,1,25,,,,0.82,,,,20,70,51,0,6,61,0,15,151,51,,Taman_edgeon,mismatch_z1_mcz25_I0p1-0p9_td20-70_Taman_edgeon/mismatch_cubes,mismatch_cubes_z1_mcz25_I0p82_td20-70x51_omega0-6x61_theta0-15x151_gamma0-2pix51_Taman_edgeon.h5,2190967,2026-04-29,ok,
compute_mismatch_I_td_cubes_test_3134555_33.out,I_td,mismatch,0:5:22.17,1,25,,,,0.83,,,,20,70,51,0,6,61,0,15,151,51,,Taman_edgeon,mismatch_z1_mcz25_I0p1-0p9_td20-70_Taman_edgeon/mismatch_cubes,mismatch_cubes_z1_mcz25_I0p83_td20-70x51_omega0-6x61_theta0-15x151_gamma0-2pix51_Taman_edgeon.h5,2190329,2026-04-29,ok,
compute_mismatch_I_td_cubes_test_3134555_34.out,I_td,mismatch,0:5:27.6,1,25,,,,0.84,,,,20,70,51,0,6,61,0,15,151,51,,Taman_edgeon,mismatch_z1_mcz25_I0p1-0p9_td20-70_Taman_edgeon/mismatch_cubes,mismatch_cubes_z1_mcz25_I0p84_td20-70x51_omega0-6x61_theta0-15x151_gamma0-2pix51_Taman_edgeon.h5,2190161,2026-04-29,ok,
compute_mismatch_I_td_cubes_test_3134555_35.out,I_td,mismatch,0:5:28.99,1,25,,,,0.85,,,,20,70,51,0,6,61,0,15,151,51,,Taman_edgeon,mismatch_z1_mcz25_I0p1-0p9_td20-70_Taman_edgeon/mismatch_cubes,mismatch_cubes_z1_mcz25_I0p85_td20-70x51_omega0-6x61_theta0-15x151_gamma0-2pix51_Taman_edgeon.h5,2189336,2026-04-29,ok,
compute_mismatch_I_td_cubes_test_3134555_36.out,I_td,mismatch,0:5:23.56,1,25,,,,0.86,,,,20,70,51,0,6,61,0,15,151,51,,Taman_edgeon,mismatch_z1_mcz25_I0p1-0p9_td20-70_Taman_edgeon/mismatch_cubes,mismatch_cubes_z1_mcz25_I0p86_td20-70x51_omega0-6x61_theta0-15x151_gamma0-2pix51_Taman_edgeon.h5,2189098,2026-04-29,ok,
compute_mismatch_I_td_cubes_test_3134555_37.out,I_td,mismatch,0:5:26.61,1,25,,,,0.87,,,,20,70,51,0,6,61,0,15,151,51,,Taman_edgeon,mismatch_z1_mcz25_I0p1-0p9_td20-70_Taman_edgeon/mismatch_cubes,mismatch_cubes_z1_mcz25_I0p87_td20-70x51_omega0-6x61_theta0-15x151_gamma0-2pix51_Taman_edgeon.h5,2188334,2026-04-29,ok,
compute_mismatch_I_td_cubes_test_3134555_38.out,I_td,mismatch,0:5:18.64,1,25,,,,0.88,,,,20,70,51,0,6,61,0,15,151,51,,Taman_edgeon,mismatch_z1_mcz25_I0p1-0p9_td20-70_Taman_edgeon/mismatch_cubes,mismatch_cubes_z1_mcz25_I0p88_td20-70x51_omega0-6x61_theta0-15x151_gamma0-2pix51_Taman_edgeon.h5,2188234,2026-04-29,ok,
compute_mismatch_I_td_cubes_test_3134555_39.out,I_td,mismatch,0:5:45.36,1,25,,,,0.89,,,,20,70,51,0,6,61,0,15,151,51,,Taman_edgeon,mismatch_z1_mcz25_I0p1-0p9_td20-70_Taman_edgeon/mismatch_cubes,mismatch_cubes_z1_mcz25_I0p89_td20-70x51_omega0-6x61_theta0-15x151_gamma0-2pix51_Taman_edgeon.h5,2188339,2026-04-29,ok,
compute_mismatch_I_td_cubes_test_3134555_40.out,I_td,mismatch,0:5:28.86,1,25,,,,0.9,,,,20,70,51,0,6,61,0,15,151,51,,Taman_edgeon,mismatch_z1_mcz25_I0p1-0p9_td20-70_Taman_edgeon/mismatch_cubes,mismatch_cubes_z1_mcz25_I0p9_td20-70x51_omega0-6x61_theta0-15x151_gamma0-2pix51_Taman_edgeon.h5,2188953,2026-04-29,ok,
compute_mismatch_I_td_cubes_test_3146416_0.out,I_td,mismatch,0:5:45.32,1,15,,,,0.1,,,,20,70,51,0,6,61,0,15,151,51,,Taman_edgeon,mismatch_z1_mcz15_I0p1-0p9_td20-70_Taman_edgeon/mismatch_cubes,mismatch_cubes_z1_mcz15_I0p1_td20-70x51_omega0-6x61_theta0-15x151_gamma0-2pix51_Taman_edgeon.h5,2262321,2026-05-06,ok,Amends corrupted cube from mistaken run compute_mismatch_I_td_cubes_3137975_0.out
