{
    "10.0": {
        "ep_min": 0.22059397980641426,
        "ep_min_gamma": 4.886921905584122,
        "ep_min_mcz": 4.921264759232323e-05,
        "ep_max": 0.4786516490830711,
        "ep_max_gamma": 2.982926357953945,
        "ep_max_mcz": 5.0705447822626255e-05,
        "ep_0": 