{
    "10.0": {
        "ep_min": 0.13700236867577664,
        "ep_min_gamma": 2.4117276936648917,
        "ep_min_mcz": 4.931216760767676e-05,
        "ep_max": 0.5604715489787637,
        "ep_max_gamma": 0.1903995547630178,
        "ep_max_mcz": 5.418864835999999e-05,
        "ep_0": 