{
    "10.0": {
        "ep_min": 0.10450251339807337,
        "ep_min_gamma": 4.696522350821105,
        "ep_min_mcz": 4.97102476690909e-05,
        "ep_max": 0.6783166833305745,
        "ep_max_gamma": 5.267721015110158,
        "ep_max_mcz": 4.6028007101010095e-05,
        "ep_0": 